Zipcode,Education (No Schooling)_2012,Education (High School)_2012,Education (GED)_2012,Education (Associate's)_2012,Education (Bachelor's)_2012,Education (Master's)_2012,Education (Master's)_2012,Education (Doctorate)_2012,Education (No Schooling)_2013,Education (High School)_2013,Education (GED)_2013,Education (Associate's)_2013,Education (Bachelor's)_2013,Education (Master's)_2013,Education (Master's)_2013,Education (Doctorate)_2013,Education (No Schooling)_2014,Education (High School)_2014,Education (GED)_2014,Education (Associate's)_2014,Education (Bachelor's)_2014,Education (Master's)_2014,Education (Master's)_2014,Education (Doctorate)_2014,Education (No Schooling)_2015,Education (High School)_2015,Education (GED)_2015,Education (Associate's)_2015,Education (Bachelor's)_2015,Education (Master's)_2015,Education (Master's)_2015,Education (Doctorate)_2015,Education (No Schooling)_2016,Education (High School)_2016,Education (GED)_2016,Education (Associate's)_2016,Education (Bachelor's)_2016,Education (Master's)_2016,Education (Master's)_2016,Education (Doctorate)_2016,Education (No Schooling)_2017,Education (High School)_2017,Education (GED)_2017,Education (Associate's)_2017,Education (Bachelor's)_2017,Education (Master's)_2017,Education (Master's)_2017,Education (Doctorate)_2017,Education (No Schooling)_2018,Education (High School)_2018,Education (GED)_2018,Education (Associate's)_2018,Education (Bachelor's)_2018,Education (Master's)_2018,Education (Master's)_2018,Education (Doctorate)_2018,Median year housing units were built_2011,Median contract rent_2011,Median gross rent (contract rent plus utilities)_2011,Median value (dollars) for Owner-Occupied housing units_2011,Median Selected Monthly Owner Costs (Dollars) by Mortgage Status_2011,Median year housing units were built_2012,Median contract rent_2012,Median gross rent (contract rent plus utilities)_2012,Median value (dollars) for Owner-Occupied housing units_2012,Median Selected Monthly Owner Costs (Dollars) by Mortgage Status_2012,Median year housing units were built_2013,Median contract rent_2013,Median gross rent (contract rent plus utilities)_2013,Median value (dollars) for Owner-Occupied housing units_2013,Median Selected Monthly Owner Costs (Dollars) by Mortgage Status_2013,Median year housing units were built_2014,Median contract rent_2014,Median gross rent (contract rent plus utilities)_2014,Median value (dollars) for Owner-Occupied housing units_2014,Median Selected Monthly Owner Costs (Dollars) by Mortgage Status_2014,Median year housing units were built_2015,Median contract rent_2015,Median gross rent (contract rent plus utilities)_2015,Median value (dollars) for Owner-Occupied housing units_2015,Median Selected Monthly Owner Costs (Dollars) by Mortgage Status_2015,Median year housing units were built_2016,Median contract rent_2016,Median gross rent (contract rent plus utilities)_2016,Median value (dollars) for Owner-Occupied housing units_2016,Median Selected Monthly Owner Costs (Dollars) by Mortgage Status_2016,Median year housing units were built_2017,Median contract rent_2017,Median gross rent (contract rent plus utilities)_2017,Median value (dollars) for Owner-Occupied housing units_2017,Median Selected Monthly Owner Costs (Dollars) by Mortgage Status_2017,Median year housing units were built_2018,Median contract rent_2018,Median gross rent (contract rent plus utilities)_2018,Median value (dollars) for Owner-Occupied housing units_2018,Median Selected Monthly Owner Costs (Dollars) by Mortgage Status_2018,Median Age_2011,Population_2011,Population (White Alone)_2011,Population (Black Alone)_2011,Population (American Indian or Alaskan Native Alone)_2011,Population (Asian Alone)_2011,Population (Native Hawaiian and Other Pacific Islander Alone)_2011,Population (Two or more races)_2011,Household Income_2011,Per Capita Income_2011,Employed_2011,Unemployed_2011,Median Age_2012,Population_2012,Population (White Alone)_2012,Population (Black Alone)_2012,Population (American Indian or Alaskan Native Alone)_2012,Population (Asian Alone)_2012,Population (Native Hawaiian and Other Pacific Islander Alone)_2012,Population (Two or more races)_2012,Household Income_2012,Per Capita Income_2012,Employed_2012,Unemployed_2012,Median Age_2013,Population_2013,Population (White Alone)_2013,Population (Black Alone)_2013,Population (American Indian or Alaskan Native Alone)_2013,Population (Asian Alone)_2013,Population (Native Hawaiian and Other Pacific Islander Alone)_2013,Population (Two or more races)_2013,Household Income_2013,Per Capita Income_2013,Employed_2013,Unemployed_2013,Median Age_2014,Population_2014,Population (White Alone)_2014,Population (Black Alone)_2014,Population (American Indian or Alaskan Native Alone)_2014,Population (Asian Alone)_2014,Population (Native Hawaiian and Other Pacific Islander Alone)_2014,Population (Two or more races)_2014,Household Income_2014,Per Capita Income_2014,Employed_2014,Unemployed_2014,Median Age_2015,Population_2015,Population (White Alone)_2015,Population (Black Alone)_2015,Population (American Indian or Alaskan Native Alone)_2015,Population (Asian Alone)_2015,Population (Native Hawaiian and Other Pacific Islander Alone)_2015,Population (Two or more races)_2015,Household Income_2015,Per Capita Income_2015,Employed_2015,Unemployed_2015,Median Age_2016,Population_2016,Population (White Alone)_2016,Population (Black Alone)_2016,Population (American Indian or Alaskan Native Alone)_2016,Population (Asian Alone)_2016,Population (Native Hawaiian and Other Pacific Islander Alone)_2016,Population (Two or more races)_2016,Household Income_2016,Per Capita Income_2016,Employed_2016,Unemployed_2016,Median Age_2017,Population_2017,Population (White Alone)_2017,Population (Black Alone)_2017,Population (American Indian or Alaskan Native Alone)_2017,Population (Asian Alone)_2017,Population (Native Hawaiian and Other Pacific Islander Alone)_2017,Population (Two or more races)_2017,Household Income_2017,Per Capita Income_2017,Employed_2017,Unemployed_2017,Median Age_2018,Population_2018,Population (White Alone)_2018,Population (Black Alone)_2018,Population (American Indian or Alaskan Native Alone)_2018,Population (Asian Alone)_2018,Population (Native Hawaiian and Other Pacific Islander Alone)_2018,Population (Two or more races)_2018,Household Income_2018,Per Capita Income_2018,Employed_2018,Unemployed_2018,Poverty White_2011,Poverty Black_2011,Poverty American Indian_2011,Poverty Asian_2011,Poverty Hispanic_2011,Poverty Two or More Races_2011,Total Poverty Count_2011,Poverty Male_2011,Female_2011,Poverty White_2012,Poverty Black_2012,Poverty American Indian_2012,Poverty Asian_2012,Poverty Hispanic_2012,Poverty Two or More Races_2012,Total Poverty Count_2012,Poverty Male_2012,Female_2012,Poverty White_2013,Poverty Black_2013,Poverty American Indian_2013,Poverty Asian_2013,Poverty Hispanic_2013,Poverty Two or More Races_2013,Total Poverty Count_2013,Poverty Male_2013,Female_2013,Poverty White_2014,Poverty Black_2014,Poverty American Indian_2014,Poverty Asian_2014,Poverty Hispanic_2014,Poverty Two or More Races_2014,Total Poverty Count_2014,Poverty Male_2014,Female_2014,Poverty White_2015,Poverty Black_2015,Poverty American Indian_2015,Poverty Asian_2015,Poverty Hispanic_2015,Poverty Two or More Races_2015,Total Poverty Count_2015,Poverty Male_2015,Female_2015,Poverty White_2016,Poverty Black_2016,Poverty American Indian_2016,Poverty Asian_2016,Poverty Hispanic_2016,Poverty Two or More Races_2016,Total Poverty Count_2016,Poverty Male_2016,Female_2016,Poverty White_2017,Poverty Black_2017,Poverty American Indian_2017,Poverty Asian_2017,Poverty Hispanic_2017,Poverty Two or More Races_2017,Total Poverty Count_2017,Poverty Male_2017,Female_2017,Poverty White_2018,Poverty Black_2018,Poverty American Indian_2018,Poverty Asian_2018,Poverty Hispanic_2018,Poverty Two or More Races_2018,Total Poverty Count_2018,Poverty Male_2018,Female_2018
78610,40,2859,606,1093,3750,1135,112,104,34,3103,665,1182,3801,1211,97,155,40,3401,717,1122,3991,1428,112,145,51,3805,713,1224,4668,1364,66,242,145,3554,922,1321,5012,1682,71,271,149,3873,1087,1549,5332,1872,208,260,161,4447,1050,1380,6014,2110,265,358,1995,961,1247,182900,1663,1997,864,1053,183600,1692,1999,869,1084,182400,1634,2000,835,1035,183300,1614,2001,835,1038,191900,1618,2002,868,1058,208400,1649,2004,960,1179,224600,1720,2006,1034,1238,241500,1866,35.9,22052,17817,333,78,170,8,346,82702,31356,11201,744,34.7,24313,20457,557,79,189,13,406,83536,31452,12154,946,34.6,25580,21828,590,93,301,69,657,79049,31048,12926,1104,34.6,26991,22506,801,109,199,104,1029,74550,29996,13127,1030,34.9,29200,24344,1024,111,330,124,967,74250,29610,14466,977,34.7,30452,26023,1220,56,471,125,885,75453,30388,15418,983,34.4,32692,27653,1321,58,535,146,1319,76623,31766,17341,840,35,35142,29990,1473,123,434,71,1064,79318,33389,18319,666,855,61,0,0,0,49,1070,648,422,1603,64,0,0,0,36,2036,1157,879,2035,29,0,55,0,14,2499,1269,1230,2790,24,0,69,7,0,3332,1620,1712,2618,34,0,92,10,0,3055,1406,1649,2327,34,0,57,12,0,2760,1154,1606,2100,36,0,48,18,17,2412,946,1466,2081,72,0,0,11,16,2381,1024,1357
78613,122,5852,998,3123,13532,3759,781,513,78,5730,1114,3437,14141,4377,802,514,95,5901,1319,3464,14732,5041,896,578,115,6227,1277,3626,14815,5403,915,580,171,6174,1488,3857,14935,5719,816,454,206,6018,1550,4166,15978,6255,823,406,241,6302,1645,4044,17266,6498,861,543,1999,904,1064,192700,1837,2000,942,1092,194700,1817,2000,956,1107,198900,1799,2000,1003,1128,210100,1819,2001,1002,1141,221700,1813,2001,1074,1229,235700,1856,2001,1143,1299,255200,1922,2002,1205,1355,275900,2018,33.9,63901,50457,3520,196,3954,25,1744,81819,33101,32226,2282,34.5,65178,52201,3257,153,4559,27,1947,80694,33747,32358,2530,34.7,68426,56193,2864,140,4992,23,1910,81928,34311,33830,2658,34.9,70764,58439,3398,158,5498,0,2358,83146,35314,34962,2383,34.4,73448,60815,3039,246,5924,30,2395,84556,34849,36754,2273,34.6,75279,61783,2712,311,6427,19,2920,91033,35957,37399,1782,35.1,77779,63298,2511,339,6448,74,3320,96857,38378,39590,1537,35.1,79699,64495,2375,298,7192,52,3385,101832,39885,41315,1406,2152,61,0,113,0,72,3159,1418,1741,2574,286,0,196,0,252,3757,1562,2195,2846,262,5,244,0,325,4075,1752,2323,2955,318,7,140,0,453,3957,1762,2195,2446,341,9,107,0,410,3404,1456,1948,2429,313,9,146,0,359,3315,1389,1926,2276,77,6,246,0,200,2943,1354,1589,2984,70,0,244,0,222,3617,1763,1854
78617,459,2564,735,503,1089,118,20,0,474,2982,812,454,1270,227,12,0,579,2953,1000,584,1172,243,70,17,455,3414,913,632,1138,239,77,23,563,3942,826,570,1093,328,64,27,630,4102,773,628,1305,329,92,21,581,4527,844,562,1360,200,97,24,1998,721,1072,102900,1291,1998,699,1041,100600,1242,1999,813,1105,99700,1202,1999,763,1043,96000,1178,2000,805,1085,104200,1194,2000,771,1061,115600,1249,2000,1019,1303,123900,1336,2000,977,1229,137400,1374,28.8,18572,10266,1762,284,258,0,628,44334,14975,7098,1061,30.4,19553,12098,1826,388,223,0,594,43957,15559,7747,1377,30,21096,13458,2435,367,434,0,671,45212,15029,7938,1450,30,23025,15923,2772,267,336,0,551,45040,15038,8339,1471,30.2,25473,15865,3147,305,533,0,1024,45995,15645,9207,1708,30,26126,15979,2855,332,343,0,735,47551,16737,10446,898,29.6,27900,14282,2945,278,433,0,785,52819,18598,11830,729,29.8,28558,12242,2124,376,461,0,898,54940,19639,12659,817,1055,285,80,25,0,95,3498,1857,1641,1340,271,183,8,0,33,3373,1780,1593,2428,190,172,73,0,42,4156,2141,2015,3077,354,169,101,0,41,5148,2556,2592,3189,366,124,104,0,98,5190,2623,2567,3275,328,117,109,0,68,5016,2230,2786,2965,184,14,107,0,61,4815,2194,2621,1785,316,16,14,0,71,4022,1661,2361
78641,328,5425,1430,2635,6670,1942,277,226,405,5219,1381,2870,7161,2025,211,211,527,5682,1351,2955,7370,2109,276,288,341,5689,1262,3477,8093,2502,260,339,395,5694,1345,3722,8961,3044,486,441,532,6255,1154,3707,9855,3348,517,415,630,6415,1308,3986,11041,3576,595,519,2000,973,1173,157000,1585,2000,986,1267,155400,1578,2000,1041,1312,156900,1576,2000,1017,1298,160200,1551,2001,1037,1313,171600,1547,2002,1100,1368,186100,1603,2003,1150,1364,213100,1687,2004,1231,1500,236400,1797,32.2,43655,37893,1457,113,801,0,1114,67683,27738,21938,1389,32.8,47490,41339,1759,80,890,0,1158,64442,27830,23422,1761,33.4,48854,42609,1517,128,949,0,1460,71885,29372,24117,1887,33.7,51247,45426,1460,228,910,0,1696,73535,29910,25872,1994,34.6,52984,46598,1850,155,926,0,1977,77052,31313,26832,1579,34.8,55933,48572,1979,239,1204,0,2347,83526,33138,28321,1594,34.7,60135,51846,2293,254,1643,0,2367,88562,35246,31014,1327,34.9,65654,55754,3048,203,2017,96,3034,94685,36055,33057,1350,1464,75,9,0,0,217,1891,850,1041,1512,118,10,24,0,183,2065,1037,1028,1663,40,7,16,0,89,2054,906,1148,2362,55,12,37,0,170,2789,1226,1563,2311,97,0,43,0,101,2805,1250,1555,2686,226,0,58,0,128,3289,1455,1834,3348,269,0,68,0,160,3892,1688,2204,3335,481,0,69,0,109,4027,1873,2154
78652,27,685,46,180,1049,247,17,3,25,713,51,164,1271,313,22,10,41,748,68,142,1370,293,41,29,43,682,54,201,1416,252,38,21,79,692,54,213,1011,278,89,78,93,931,50,186,1115,297,118,99,94,1083,26,313,1254,414,109,102,1981,897,1134,191200,1664,1983,938,1131,194700,1682,1985,925,1113,191200,1665,1984,918,1132,189500,1652,1986,978,1218,196700,1540,1988,1000,1136,216500,1550,1991,1121,1231,239500,1698,2000,1242,1346,280100,1823,39.1,4256,3765,131,0,37,0,65,79107,37908,2476,204,39,4687,4113,189,0,62,0,123,77985,35796,2673,169,36.5,5117,4649,124,0,55,0,115,76604,35643,2775,234,35.9,5408,4677,154,75,63,2,143,70868,33957,2825,275,36.6,5355,4608,142,72,66,19,108,73194,34362,2935,245,40.1,4919,4395,119,92,65,12,71,78594,34131,2647,52,40.9,4965,4476,156,118,25,5,23,87520,37864,2605,56,42.2,5504,4882,238,99,50,17,88,82328,39023,3123,71,130,1,0,7,0,28,194,116,78,104,4,0,0,0,30,168,104,64,155,3,0,0,0,26,209,103,106,220,20,0,0,0,33,306,145,161,185,13,0,0,0,34,264,111,153,231,15,0,0,0,0,246,75,171,311,18,0,0,0,0,329,92,237,554,14,0,0,0,0,568,290,278
78653,251,1981,348,708,1396,331,196,45,278,1916,331,778,1744,391,145,42,223,2205,596,947,1987,375,118,137,380,2448,533,904,1872,398,63,128,267,2428,598,932,2057,486,17,115,203,2891,787,940,2507,522,38,153,344,3145,770,1157,2398,688,71,147,2003,978,1304,143500,1488,2003,1001,1333,141300,1527,2003,1011,1328,141200,1528,2003,1007,1289,139400,1496,2003,970,1191,145000,1441,2003,1051,1251,152600,1384,2003,1083,1273,160600,1385,2004,1099,1352,168300,1439,29.5,14631,8136,2916,197,252,0,290,55073,21795,6701,414,30,15783,8529,3599,175,168,0,512,55398,21585,7262,545,30.5,16917,9857,3708,161,297,0,548,59763,21044,7751,719,31.3,17968,10840,4189,158,340,0,905,62415,22325,8374,685,30.5,19072,10938,4651,74,142,0,726,62198,21236,8736,761,32.8,19328,11405,4613,131,201,0,957,60880,22020,8814,904,32.7,20822,11247,5006,105,335,0,1108,66752,24618,10009,786,32.6,22804,10971,5804,109,483,0,1293,69107,24564,10801,698,675,332,173,37,0,0,1794,823,971,1049,643,140,0,0,0,2368,1087,1281,1338,539,83,29,0,0,2501,1139,1362,1721,489,87,29,0,0,2733,1132,1601,1837,415,0,0,0,0,2891,1358,1533,2296,653,0,39,0,12,3358,1607,1751,1871,608,0,46,0,14,2839,1323,1516,1383,1120,0,202,0,109,3272,1473,1799
78660,474,7492,1332,4813,10597,3218,334,406,660,8068,1518,4886,11731,4151,282,402,573,8341,1623,4751,12366,4562,344,474,722,8529,1613,5189,13168,4628,457,347,747,8524,1868,5542,13781,4833,577,404,810,10098,1859,5684,14758,4929,707,247,918,10475,1950,6005,15392,4854,750,488,2000,914,1143,163000,1661,2001,917,1128,163900,1619,2001,935,1153,165700,1624,2001,930,1116,168100,1609,2001,951,1139,172900,1574,2001,1024,1209,180800,1593,2002,1132,1312,198500,1626,2003,1202,1355,214600,1700,31.6,67630,41989,10067,258,6952,0,1764,72137,27021,33759,2711,32.3,70407,47006,10518,301,6801,0,1646,71507,27540,35285,2931,32.5,75038,50963,11004,446,7595,0,1656,76007,28353,37967,3154,33.7,77046,54681,11293,497,7110,0,1782,75138,29093,39921,2866,34.2,79067,55690,12106,568,6932,10,2095,76368,30306,41733,2580,33.8,81698,55090,13325,559,7929,119,2901,78145,31515,44369,2346,34.3,85450,55940,13462,509,8032,79,3492,81693,32759,46229,2377,34.1,89830,59056,12760,840,8755,108,4487,83499,33870,48999,1928,3658,1913,49,667,0,79,6883,3020,3863,4187,1723,40,700,0,67,7248,3491,3757,4639,2066,47,842,0,56,8278,3851,4427,5497,1816,0,668,0,57,8265,3717,4548,4900,1534,0,370,0,64,7049,3010,4039,4094,1424,0,399,0,77,6211,2464,3747,4159,1146,0,382,0,104,6165,2327,3838,4197,987,0,569,0,227,6234,2409,3825
78664,506,6014,1154,2495,7093,2063,279,233,512,6602,1231,2509,7320,2212,439,332,637,6714,1127,2792,7411,2404,379,283,771,6506,1032,3105,7421,2515,412,346,692,7372,1254,3320,7496,2789,452,342,614,7332,1261,3374,8370,3104,389,292,665,7440,1189,3597,9289,3212,302,291,1995,792,1006,147600,1524,1995,817,1033,147600,1503,1995,833,1032,149600,1482,1995,854,1044,150400,1444,1995,870,1056,157300,1407,1995,935,1111,161100,1409,1995,977,1137,172900,1462,1996,1058,1228,193900,1533,31.1,51942,38563,6144,244,2110,15,2127,62283,27852,27226,2344,30.6,54864,41775,6693,245,2096,17,2196,60442,26551,27776,2537,30.9,57806,43847,6992,246,2583,20,2010,61401,26891,29080,2806,31.8,58959,45550,6746,175,2733,71,2053,61673,27690,29699,2291,31.7,59765,45002,7510,181,2881,11,1977,62446,26672,30205,2023,32.8,60884,45617,7329,121,2753,11,2901,63923,27792,32221,1933,33,61361,44878,7412,64,3403,19,2988,67462,29552,33104,1859,33.6,62183,46500,6938,39,3271,21,3272,72467,31328,34104,1867,2380,627,0,258,15,178,4059,2119,1940,3081,964,0,371,17,218,5090,2641,2449,3563,1072,30,338,20,176,5680,3114,2566,3814,1033,52,383,50,298,5802,3006,2796,4220,1408,61,453,0,400,6676,3273,3403,4670,1173,53,230,0,462,6711,3025,3686,4440,957,48,321,0,402,6366,2714,3652,3658,1104,11,378,0,495,5746,2319,3427
78681,207,4036,870,2650,10379,4082,579,496,281,4230,923,2573,10708,4191,557,463,299,4365,903,2481,11398,4066,650,497,398,4230,1282,2661,11457,4068,640,490,344,4214,1054,2621,12027,4557,569,504,454,3858,1174,2932,12591,4644,717,535,366,3813,1167,3276,12355,4699,860,499,1996,928,1167,210300,1856,1996,944,1204,213000,1887,1996,922,1185,213300,1883,1996,908,1125,219400,1907,1997,912,1113,230100,1898,1997,962,1136,239400,1888,1997,1086,1223,256100,1954,1997,1214,1379,281200,2067,34.3,51409,41412,2161,590,3611,14,2253,89900,34144,25740,1739,34.2,53229,42930,2271,473,3985,11,2320,92981,33603,26653,1777,35.1,54141,43474,2515,495,4151,17,2513,92453,34024,26463,1926,35.4,54517,44267,2504,450,3994,17,2206,96086,35499,26789,1927,35.3,54923,44337,2758,417,4074,0,2356,96100,35720,27198,1747,35.7,56086,44715,3175,94,4532,0,2402,98444,36096,28015,1917,35.7,57234,45188,2979,113,5120,32,2704,100622,37504,28527,1911,36,56959,44249,3415,105,5416,23,2494,103681,38595,28887,1604,1951,128,195,73,0,29,2476,1151,1325,2370,195,152,105,0,51,2979,1418,1561,2759,372,189,113,0,102,3668,1703,1965,3324,278,236,172,0,101,4206,1910,2296,3830,300,132,108,0,78,4482,2085,2397,2704,315,0,169,0,72,3297,1389,1908,2325,265,0,305,0,75,2992,1095,1897,2080,146,0,324,0,42,2592,951,1641
78701,38,319,40,100,1788,907,434,280,33,361,20,75,1915,1092,507,282,34,327,13,192,2049,1212,386,323,65,292,20,178,2546,1312,461,382,73,432,36,223,2623,1531,432,361,135,447,52,306,2994,1327,520,346,128,393,82,288,3891,1443,657,345,2000,1396,1522,317100,2503,2000,1433,1590,338300,2633,2002,1495,1653,372000,3095,2002,1595,1691,430800,3187,2002,1678,1752,440100,3057,2003,1658,1734,447100,3147,2004,1755,1847,476700,3086,2004,1873,1950,435400,2680,33.1,5084,4097,397,0,335,0,81,63484,69865,3277,314,33.8,5642,4596,326,0,452,0,135,68152,76811,3534,347,33.8,5915,4847,313,0,453,0,175,86541,89670,4080,276,33.3,6188,5001,306,0,589,0,183,87306,92411,4323,229,33.5,7051,5708,265,13,666,15,273,96455,94892,5133,181,36.5,7401,6192,227,17,624,17,233,102112,105058,5382,138,35.4,7875,6714,333,21,520,18,107,112201,109136,5965,101,35.3,9427,7990,396,31,616,19,185,107190,99948,7108,121,795,150,0,107,0,32,1164,653,511,816,133,0,71,0,17,1096,564,532,702,152,0,1,0,9,902,463,439,703,125,0,1,0,9,864,408,456,637,92,13,17,0,11,788,413,375,569,58,17,13,0,13,679,386,293,816,117,21,24,0,24,1038,649,389,895,190,24,109,0,37,1303,830,473
78702,508,2706,579,479,2895,774,137,139,517,2516,730,323,3205,1002,178,174,540,2696,716,425,3325,1053,269,134,614,2631,685,509,3385,1330,311,189,648,2908,718,444,3883,1348,384,210,566,2700,763,559,4272,1649,458,198,648,2622,742,602,4926,1854,485,299,1957,545,695,167500,1319,1960,584,766,175400,1337,1963,606,807,188000,1333,1964,645,839,203200,1501,1965,694,893,235400,1521,1968,782,990,251000,1628,1968,838,1020,297700,1733,1972,962,1159,361500,1945,32.5,20643,12260,3264,215,363,0,329,35350,18767,9261,1192,32.1,21032,12977,3236,219,359,0,474,34734,18843,9594,1198,32.3,21655,13869,3128,223,263,0,592,36197,19715,10254,1196,33.1,21855,14606,3008,102,276,0,642,37690,21922,10831,1073,34.2,21477,15111,2926,99,476,0,700,41016,24664,11301,959,33.5,22617,16413,3034,46,415,0,888,48174,27624,12152,842,33.3,22876,16739,3025,40,431,0,804,54053,31332,12896,791,33.4,23389,16875,3580,31,469,3,838,59705,35537,13355,682,3034,1327,91,137,0,160,6505,2750,3755,3386,1109,85,94,0,172,6694,3011,3683,3607,1043,69,57,0,161,6592,2884,3708,3758,1218,63,52,0,198,6510,2995,3515,3447,1249,40,141,0,159,5730,2807,2923,3559,1424,0,114,0,184,5481,2578,2903,3329,1433,0,97,0,203,5207,2332,2875,3097,1498,0,87,0,154,5032,2306,2726
78703,115,595,206,188,6392,3402,1841,717,25,460,128,223,6595,3315,2016,611,11,443,78,234,6822,3303,1986,735,42,454,87,274,6862,3542,2082,646,31,434,76,280,6970,3653,1972,786,60,358,72,285,6615,3929,1900,657,61,333,69,318,6581,4265,1834,773,1958,965,1093,593800,3273,1961,1059,1183,621900,3230,1964,1086,1192,641200,3285,1964,1129,1224,692800,3404,1965,1167,1266,704700,3365,1966,1230,1362,735000,3444,1967,1227,1319,767400,3595,1969,1337,1452,822800,3741,36.4,19579,17589,258,219,943,0,412,85379,64283,10883,382,36.4,19873,17849,375,202,940,0,376,92606,65368,11228,438,36.2,19860,17897,325,153,877,0,446,80569,66049,11415,532,35.8,20061,17719,321,184,1218,0,454,81903,70259,11762,607,36.1,20530,18006,307,144,1335,0,518,88163,72850,12220,460,36.4,20815,18414,254,57,1482,0,375,92746,77733,12551,394,36,20788,18558,120,38,1653,0,231,98553,79101,12715,339,36.1,20890,18214,239,46,1889,0,260,105207,85040,12716,247,1773,66,23,138,0,0,2011,964,1047,1705,45,55,170,0,0,1991,939,1052,1414,42,33,123,0,0,1626,828,798,1289,33,24,205,0,0,1567,877,690,1134,29,26,214,0,0,1403,769,634,1172,3,28,311,0,0,1515,766,749,1054,1,4,294,0,0,1355,754,601,777,1,3,374,0,0,1176,668,508
78704,260,2952,436,1594,10237,3741,1397,764,227,2891,556,1546,11110,3834,1584,759,227,2910,551,1672,11789,3844,1670,1029,238,3016,562,1570,12834,4522,1654,1040,223,2908,590,1562,14067,4664,1716,1134,235,2760,714,1728,15017,5045,1755,1028,161,2714,563,1851,16148,5370,1836,1334,1974,768,895,330100,2074,1974,814,940,338200,2112,1975,865,983,347500,2127,1975,922,1041,361300,2119,1976,965,1088,385700,2187,1977,1038,1167,421800,2296,1978,1115,1235,464400,2466,1979,1203,1344,500600,2618,31.8,41616,34331,1636,366,581,17,933,47336,35317,26244,1938,31.4,41709,36458,1450,311,694,21,930,50248,36500,26160,1933,31.6,41999,37836,1413,288,718,0,1134,50930,37301,26813,1992,32,42770,38890,1139,302,765,0,1121,52306,38699,27508,1621,32,44668,40277,1305,226,1170,0,1184,58601,41560,29075,1355,32.2,46474,41970,1233,249,1256,33,1261,62283,43496,30599,1149,32.6,47158,41998,1496,298,1444,24,1322,66262,46947,31314,1119,33,48486,42676,1852,267,1573,27,1526,70511,53557,32404,1127,5600,695,78,17,0,291,7595,3184,4411,6717,658,158,34,0,239,8472,3719,4753,6920,550,142,59,0,291,8160,3911,4249,6599,468,168,83,0,393,7815,3683,4132,6368,535,155,116,0,259,7539,3700,3839,6191,513,184,143,33,154,7332,3537,3795,5772,558,136,199,24,146,6944,3206,3738,5081,584,124,173,27,160,6288,2735,3553
78705,65,275,81,241,1926,1214,276,420,98,296,80,242,2165,1014,179,418,140,309,5,213,2147,1100,217,435,71,363,54,238,2474,1005,203,577,77,327,67,201,2638,1144,248,401,76,363,66,232,2923,1143,206,392,5,414,93,232,3004,1265,230,469,1977,891,1001,300000,2213,1979,971,1088,292500,2207,1980,971,1088,307200,2411,1981,976,1094,342000,2633,1982,993,1108,385600,2868,1985,1035,1140,432800,3076,1984,1124,1198,417800,2732,1984,1176,1238,444700,2788,20.8,29247,21882,976,62,4667,2,586,11910,10843,11056,1856,20.8,30532,23032,929,69,4756,2,756,11917,10617,11494,1941,20.9,31282,23448,1295,86,4622,3,935,12143,9791,11479,1835,20.9,31735,23725,1453,66,4658,3,980,12786,10529,12013,1738,21,32346,24055,1667,132,4607,3,1002,12385,11246,12242,1632,20.9,32414,23811,2064,99,4559,10,1130,13349,12075,12455,1279,21,33075,23827,2347,104,4910,9,1143,15309,12956,12909,1260,21,33948,24285,2415,113,5192,17,1145,19188,14074,13738,1302,9837,262,41,2277,0,283,12977,6269,6708,10139,209,49,2426,0,330,13437,6638,6799,9931,266,55,2623,0,516,13638,7032,6606,9496,202,35,2882,0,556,13383,6824,6559,9202,312,89,3182,0,508,13577,6505,7072,8480,323,72,3292,0,575,12961,6613,6348,8246,397,66,3426,0,531,12903,6801,6102,8190,360,55,3629,0,558,13108,6688,6420
78712,0,0,0,0,0,0,0,0,0,0,0,0,0,0,0,0,0,0,0,0,0,0,0,0,0,0,0,0,0,0,0,0,0,0,0,0,10,0,0,0,0,0,0,0,9,0,0,0,0,0,0,0,9,0,0,0,-666666666,-666666666,-666666666,-666666666,-666666666,-666666666,-666666666,-666666666,-666666666,-666666666,-666666666,-666666666,-666666666,-666666666,-666666666,-666666666,-666666666,-666666666,-666666666,-666666666,-666666666,-666666666,-666666666,-666666666,-666666666,-666666666,-666666666,-666666666,-666666666,-666666666,-666666666,-666666666,-666666666,-666666666,-666666666,-666666666,-666666666,-666666666,-666666666,-666666666,-666666666,544,436,0,0,27,0,0,-666666666,1595,54,27,19.5,554,426,0,0,55,0,0,-666666666,1508,74,19,19.6,548,414,44,0,45,0,0,-666666666,3448,111,21,19.6,557,400,49,8,35,0,16,-666666666,3474,138,16,19.7,828,590,93,9,46,0,36,-666666666,3369,225,48,19.8,848,586,136,9,40,0,48,-666666666,3748,238,68,19.6,845,591,156,9,18,0,44,-666666666,3606,234,71,19.7,860,633,132,8,18,0,44,-666666666,3015,229,70,0,0,0,0,0,0,0,0,0,0,0,0,0,0,0,0,0,0,0,0,0,0,0,0,0,0,0,0,0,0,0,0,0,0,0,0,0,0,0,0,0,0,0,0,0,0,0,0,0,0,0,0,0,0,0,0,0,0,0,0,0,0,0,0,0,0,0,0,0,0,0,0
78717,28,1550,197,1587,5655,2501,293,376,58,1467,471,1524,5546,2455,295,423,35,1350,549,1531,6240,2813,380,496,73,1493,505,1510,6523,2803,445,460,48,1336,363,1316,7106,2771,487,436,57,1552,422,1166,6750,3106,633,478,75,1611,222,1512,7199,3831,673,514,2002,846,977,245700,2218,2002,872,1018,243200,2215,2002,894,1023,247200,2201,2003,932,1068,253400,2196,2003,974,1103,273200,2206,2003,1053,1188,286400,2154,2004,1115,1250,319800,2261,2004,1201,1338,347900,2444,33.5,22278,15990,1180,0,3855,11,581,94112,39760,12034,583,33.9,23514,16829,1026,0,4254,12,671,93305,38702,12680,702,33.6,24099,17826,965,0,3997,7,796,93701,38401,12657,707,34.3,25427,18654,762,0,4884,0,832,99541,40670,13098,678,34.9,26072,18540,900,13,5320,0,988,100364,41582,13603,578,35.1,27101,19147,825,146,5761,31,804,103595,42516,14044,474,34.7,27764,18291,1097,200,6786,50,978,104167,45258,14236,399,34.7,30218,18218,1338,224,8374,108,1297,110085,45879,15479,444,351,0,0,100,0,0,515,211,304,385,0,0,144,0,0,598,230,368,341,0,0,84,0,0,477,126,351,531,0,0,97,0,0,628,256,372,471,0,0,108,0,0,579,226,353,577,32,0,103,0,0,712,308,404,636,30,15,282,0,92,1055,377,678,661,30,31,267,0,99,1131,404,727
78719,22,156,93,20,91,46,39,0,25,201,89,20,76,48,0,0,27,337,95,48,64,36,0,0,33,308,86,45,75,14,4,12,8,278,61,56,69,15,5,14,39,366,66,39,74,17,5,14,48,321,60,40,61,15,6,14,1992,875,1188,105900,1119,1993,303,442,111000,1239,1991,194,439,112500,1135,1987,196,441,112200,1200,1985,525,817,113300,1156,1985,672,848,121200,1193,1986,691,859,129700,1151,1985,686,840,131800,1261,38.5,1427,924,4,11,0,0,14,39794,23095,615,75,38.3,1717,1181,48,10,0,0,12,39500,21788,639,114,36.1,1746,1351,55,0,0,0,13,38305,19582,684,97,40.4,1807,1548,58,0,0,0,18,38875,16961,663,31,46.3,1485,1221,0,0,3,0,35,41111,16382,618,24,43.6,1762,1456,42,0,6,0,24,45250,15407,749,31,43.5,2007,1300,105,0,6,0,56,46833,16838,944,16,44.4,1815,1170,95,0,4,0,41,58917,19199,935,14,70,0,0,0,0,0,79,31,48,257,0,0,0,0,0,282,90,192,366,0,0,0,0,0,386,130,256,378,0,0,0,0,0,388,142,246,148,0,0,0,0,0,163,63,100,269,14,0,0,0,0,310,136,174,248,12,0,0,0,0,299,126,173,187,11,0,0,0,0,237,101,136
78721,260,1593,382,266,749,159,47,10,296,1599,419,249,783,187,38,19,327,1855,505,306,911,229,59,16,300,1818,585,365,940,275,92,23,346,1757,493,314,1183,381,119,38,413,1863,503,309,1483,445,91,51,511,1888,430,292,1877,558,140,47,1971,640,830,121700,1128,1970,668,870,121000,1119,1972,701,899,124800,1164,1973,710,920,140400,1196,1971,710,920,156800,1240,1972,755,970,178100,1268,1970,813,990,212400,1303,1972,902,1100,245500,1337,30.6,11100,4375,3537,159,74,11,198,30591,14687,4232,660,31.2,11178,4880,3882,232,77,12,346,32131,15281,4095,768,32.2,11482,5552,3748,223,38,8,326,33798,15789,4469,782,32.7,12087,5989,3825,264,84,14,363,36698,17371,4812,1008,32.9,12508,6671,3843,242,147,25,366,37234,17250,5201,907,33.4,12153,6848,3749,115,184,0,414,38301,17626,5768,696,34.6,12447,6841,3851,53,185,0,323,41611,20187,6210,638,34.6,12492,7154,3282,55,224,0,378,44076,22792,6559,442,1360,855,62,12,11,42,3707,1464,2243,1700,883,58,22,12,70,3536,1422,2114,1957,979,64,15,8,66,3747,1500,2247,1997,1194,64,14,14,79,4002,1669,2333,1958,1319,59,46,25,64,3878,1538,2340,1903,1312,3,60,0,32,3516,1323,2193,1874,1251,4,54,0,8,3425,1365,2060,1770,1066,7,44,0,0,3208,1308,1900
78722,0,492,62,137,1954,651,101,149,0,401,46,189,1978,859,102,197,32,422,110,222,2141,826,136,132,9,545,87,178,2283,914,155,137,27,652,81,174,2175,1090,188,141,28,540,131,217,2473,1028,226,143,22,519,148,163,2434,992,312,158,1954,737,887,251200,1917,1955,814,930,265100,1961,1956,870,974,279200,1981,1956,923,1055,288600,2017,1956,953,1081,293000,1964,1954,1027,1170,313300,1916,1953,1115,1280,358900,1904,1953,1194,1359,382700,1934,33.9,5733,4387,744,34,140,0,157,44798,32028,3650,255,33.1,5973,4548,808,53,159,0,181,44917,33293,3833,323,33.6,6355,4975,649,38,244,34,171,50923,36289,4038,340,32.7,6514,4925,726,48,224,35,263,54526,36879,4092,328,32.3,7006,5191,855,0,315,35,346,64929,38941,4567,303,32.3,7292,5587,973,0,195,32,445,63559,36416,4818,183,32.6,7254,5754,853,0,188,29,362,69267,43161,4971,129,32.6,7110,5584,840,0,150,0,411,71340,43950,4870,136,635,158,0,24,0,11,989,442,547,624,221,0,22,0,17,1076,531,545,554,157,0,10,34,15,968,442,526,435,240,0,7,35,72,1046,413,633,458,109,0,16,35,161,1005,338,667,625,95,0,10,32,224,986,238,748,449,75,0,9,29,149,711,203,508,458,42,0,34,0,179,752,251,501
78723,561,3129,888,708,3602,1364,270,254,503,3116,1021,785,4098,1605,324,315,554,3268,990,976,4235,1751,386,382,585,3604,920,1027,4685,1829,395,357,592,3705,814,982,5203,2083,386,268,512,3968,851,1089,5522,2510,510,397,637,3980,728,1161,6075,2572,626,545,1971,654,815,168300,1400,1971,666,817,176500,1408,1973,680,840,178500,1449,1974,691,850,189100,1526,1974,698,856,207600,1572,1975,757,889,231300,1641,1975,830,964,268700,1771,1975,893,1049,300600,1892,30.2,29869,17621,8119,251,553,0,494,41839,20478,14263,1633,30.3,30999,20338,7410,231,553,0,730,41869,20893,14665,1594,30.9,31234,20679,7438,269,600,0,892,42939,22439,15145,1516,32.1,30955,20656,6985,135,597,0,846,42615,23108,15130,1534,31.9,32155,21832,6674,116,627,0,692,42433,23463,15878,1328,32.7,32496,22427,6233,97,575,0,711,42462,25830,16581,1088,33.7,33170,22059,6287,115,720,0,879,49606,29017,17855,914,33.8,34569,21822,7038,125,854,0,974,54707,31940,19024,877,4730,2388,138,144,0,87,8513,3733,4780,6057,2041,126,128,0,115,8797,3920,4877,5889,2373,132,65,0,137,8837,3863,4974,6062,2291,30,54,0,163,9155,3947,5208,6526,2232,9,96,0,132,9608,4200,5408,5490,1904,10,121,0,114,8699,3948,4751,4370,1957,11,137,0,112,7660,3271,4389,3655,2202,9,165,0,129,7327,3123,4204
78724,232,2638,529,655,828,234,59,18,174,2740,582,683,915,245,18,71,198,2897,569,473,980,295,42,82,191,2858,626,506,1104,243,31,66,367,2836,628,564,1139,283,35,119,305,3067,665,614,1109,499,35,94,371,3271,713,557,1264,563,39,104,1993,694,939,106300,1186,1990,711,962,105700,1230,1993,719,947,102000,1246,1996,733,953,97900,1248,1997,747,946,109100,1237,1996,825,1038,111500,1226,1997,846,1091,122100,1240,1997,933,1216,133400,1294,27.1,20447,8798,6250,58,10,0,850,37736,13466,8270,698,26.4,21677,11485,6472,27,14,0,1003,35711,12365,8451,719,26.8,21454,12432,5953,13,115,0,1113,38479,13452,8804,809,27.5,23313,14311,5987,64,67,0,1117,36776,12777,9356,780,28.2,23612,15222,5911,99,60,0,738,39350,13280,9644,648,26.9,24558,15325,5665,178,46,0,809,41308,14134,9852,626,28.4,24833,14320,5317,339,63,12,845,45158,15450,10146,661,29.3,24779,12065,5795,349,29,31,663,45887,16452,10512,604,2672,1813,0,0,0,525,6538,2974,3564,3528,2038,0,0,0,729,7745,3723,4022,3469,1585,0,0,0,722,6562,3338,3224,4285,1529,0,0,0,707,7149,3460,3689,4575,1451,46,0,0,259,6943,3509,3434,4294,1200,108,0,0,226,6707,3326,3381,3814,958,93,0,12,155,6332,3089,3243,3109,902,99,0,20,152,6077,2840,3237
78725,133,792,145,164,565,143,0,9,61,1153,97,120,597,127,0,15,72,1182,115,141,638,142,0,8,68,1052,253,159,575,225,7,4,142,1465,264,183,655,219,16,13,126,1444,274,208,493,264,56,13,124,1401,279,209,593,357,52,75,2000,1010,1197,112900,1200,1999,951,1189,114400,1185,2000,951,1289,111800,1203,2000,1031,1351,115800,1221,2001,973,1291,121100,1232,2001,979,1307,123300,1241,2002,1068,1338,137800,1192,2004,1247,1504,160200,1370,32.8,6021,2354,1879,0,191,0,92,53131,19451,3058,363,31.9,6477,2877,2281,0,9,0,354,52313,19742,3498,330,31.7,8169,4744,2237,0,33,0,364,52381,18279,4366,284,32.3,7612,3831,3089,0,40,0,417,65048,20849,4372,390,32.1,7343,4226,2448,0,39,0,409,58707,21175,4396,134,32.1,7931,4644,1983,0,65,0,502,55119,20509,4356,166,35.2,7517,4111,1831,0,88,0,251,62172,23671,4232,173,35.1,7886,3518,1437,0,102,0,248,65345,27167,4556,113,222,123,0,52,0,42,571,192,379,457,363,0,0,0,104,985,457,528,845,381,0,0,0,65,1342,629,713,721,575,0,0,0,94,1390,651,739,696,599,0,0,0,64,1359,711,648,832,771,0,0,0,65,1668,919,749,597,342,0,0,0,31,1354,656,698,297,236,0,0,0,25,774,378,396
78726,0,599,230,679,2557,1539,87,240,39,520,278,515,2793,1880,218,229,32,357,309,578,2887,1893,197,208,58,433,311,449,3050,1911,206,128,95,481,31,382,3742,1845,248,207,110,724,30,394,3859,1895,206,218,53,708,24,456,4155,1616,185,213,2001,863,1037,348100,2565,2001,870,1050,349900,2438,2001,872,1051,344700,2506,2001,895,1046,350500,2477,2001,887,1059,358100,2355,2000,908,1092,378200,2418,2001,1015,1136,392800,2646,2001,1064,1189,447400,2756,30.5,13198,10111,524,81,1559,0,250,66224,42366,8129,366,29.5,12482,9781,458,75,1470,0,128,66096,40197,7659,311,30.3,13181,10328,563,56,1654,0,134,67466,41210,7929,494,31.5,12786,10026,467,0,1880,0,203,68777,42581,7368,435,32.3,13027,9508,648,0,2332,0,247,70664,42583,7569,382,30.6,13925,10289,866,0,2309,0,314,95646,46664,7909,332,31.8,14610,10365,928,0,2611,0,301,88322,47885,8584,337,32,13867,9952,591,0,2360,0,564,77935,48434,8151,210,541,78,0,0,0,47,666,407,259,1017,73,0,0,0,17,1107,633,474,1116,61,0,0,0,47,1224,587,637,1032,21,0,0,0,53,1106,413,693,959,14,0,0,0,31,1004,256,748,956,13,0,0,0,91,1060,279,781,422,12,0,67,0,85,586,109,477,400,20,0,110,0,94,624,171,453
78727,42,2326,458,1103,7147,2559,313,405,34,2392,509,1212,7164,2317,353,426,100,2468,468,1331,7234,2446,349,510,82,2479,562,1369,7725,2810,336,431,93,2277,613,1295,8012,3016,485,396,158,2369,523,1301,8341,3015,524,450,162,2103,494,1303,8420,3768,560,468,1993,853,989,197300,1615,1992,891,1050,198500,1662,1992,935,1117,202600,1687,1992,956,1147,206400,1661,1992,970,1160,215500,1635,1992,1011,1192,226300,1672,1993,1083,1219,249700,1738,1994,1141,1274,271200,1796,31.6,28075,19598,2358,104,3929,0,727,63952,35229,17423,1037,32.8,28461,20120,2321,157,4073,0,697,65687,35795,17648,1048,32.7,28563,20456,1991,120,4461,0,850,69570,34953,17480,984,34.5,29506,20308,1935,228,5170,0,1136,69699,35901,18054,755,35.3,29354,20138,1720,158,5192,0,1283,72953,37805,18100,740,36.2,29085,20086,1902,143,5140,0,1157,72535,39524,17799,696,36.4,28999,19968,1828,183,5040,0,1230,74458,41208,17557,719,37,29509,19830,1914,294,5659,0,1224,78542,43943,17763,837,1535,734,63,334,0,8,2915,1195,1720,1631,861,101,282,0,10,3089,1250,1839,1650,540,88,348,0,10,2679,1116,1563,1625,611,69,407,0,60,2911,1217,1694,1201,338,0,432,0,48,2137,857,1280,1062,314,0,246,0,77,1811,738,1073,1214,116,0,177,0,79,1788,715,1073,1223,171,0,253,0,94,1910,752,1158
78728,137,2326,330,1361,3683,1366,168,139,90,2152,310,1370,3850,1475,199,138,109,2460,485,1332,4175,1326,200,122,147,2808,354,1493,4228,1539,200,185,147,3023,326,1292,4869,1301,146,188,188,3053,313,1071,4942,1376,166,154,137,3540,369,1102,4861,1345,147,194,1993,752,887,167200,1511,1992,767,901,168600,1491,1992,803,940,170500,1489,1993,832,962,175200,1491,1993,862,991,182300,1505,1993,904,1046,188100,1553,1993,946,1093,205500,1593,1994,992,1132,228200,1645,30.1,20232,12967,3004,201,2258,110,694,46870,28827,12362,829,30.6,20939,14238,2867,282,1911,131,701,47405,28402,12455,729,31,20817,13379,3595,292,1878,65,780,48612,29156,12470,853,31.8,20794,13920,3115,195,1939,58,815,49521,30497,12825,643,32.9,21081,13686,3923,241,1807,0,785,53510,31946,13103,592,33.3,21858,14210,4168,139,1487,0,882,55619,32392,13347,514,34.2,21245,13304,3956,67,1768,0,864,55603,35054,13157,381,34.8,21480,14122,3362,95,1981,0,766,55099,34602,12667,487,1804,258,0,363,32,159,2671,1338,1333,1920,317,0,335,36,166,2885,1411,1474,1779,376,0,392,29,196,2881,1425,1456,1837,396,0,390,28,267,3040,1484,1556,1299,542,0,183,0,137,2295,986,1309,935,503,0,95,0,131,1846,861,985,1064,667,0,83,0,127,2077,953,1124,1534,578,0,81,0,123,2457,1281,1176
78729,45,2754,252,1343,6122,1690,420,170,38,2461,184,1212,5694,1919,402,158,42,2573,290,1348,6059,1829,390,163,19,2541,303,1487,6324,2131,533,288,19,2605,380,1688,7144,2363,528,297,23,2547,552,1661,7046,2624,458,350,62,2684,703,1514,7269,2918,504,337,1990,853,1012,187300,1616,1990,857,1008,192300,1646,1991,857,1027,191300,1639,1991,867,1039,198600,1635,1991,879,1057,205600,1618,1991,931,1100,218600,1638,1991,987,1178,234200,1715,1992,1086,1250,261800,1782,31.7,27024,20429,2357,93,2552,0,976,61165,32762,16530,1091,32.4,28228,21254,2880,15,2757,0,970,57358,33090,16928,1213,33.6,26906,20273,2553,51,2592,0,1047,60690,34237,16813,1016,33.1,28786,21627,3154,35,2418,0,1146,60567,33636,17825,1055,33.3,29386,22609,2576,67,2564,0,1218,65279,35280,18237,716,33.9,30151,23876,2039,69,2448,0,1260,70164,37322,18892,684,34.1,29434,23254,1643,93,2726,0,1178,73047,39379,18340,531,34.4,29315,23169,1778,0,2727,0,1019,76832,40494,18125,711,1779,134,0,294,0,153,2390,890,1500,1463,131,0,390,0,92,2108,861,1247,1339,187,0,362,0,54,1967,867,1100,1489,355,0,242,0,77,2206,968,1238,1516,403,0,218,0,73,2267,1056,1211,1211,353,0,181,0,77,1878,867,1011,1251,312,0,147,0,81,1899,973,926,968,299,0,98,0,84,1584,759,825
78730,0,281,68,325,2200,1083,337,258,0,239,67,356,2543,1220,320,279,17,253,75,269,2404,1199,364,229,16,280,73,272,2537,1197,419,285,18,405,54,325,2645,1286,423,219,15,325,16,287,2810,1285,511,249,13,353,63,360,2920,1321,632,237,1998,962,1101,579300,3325,1998,973,1106,570400,3184,1999,987,1138,580300,3191,1999,1016,1172,557000,3156,1998,1011,1187,576100,3247,1999,1083,1219,641200,3727,1999,1154,1281,659400,3798,1999,1219,1329,700300,4001,37.2,8242,6783,212,0,889,68,206,121765,66307,4441,146,38.2,8312,7121,16,0,738,93,214,119573,68632,4544,163,37.8,8916,7958,29,0,480,93,170,120568,73526,5052,226,36.2,8591,7786,30,0,470,0,115,108421,70837,4663,223,38.7,8871,7953,0,0,468,0,291,105022,71149,4913,221,40.1,9038,8118,18,0,475,0,219,105086,76750,4989,208,41.4,8933,7895,76,0,414,0,423,108750,76909,4818,147,42.9,9186,7963,103,0,587,0,443,112333,82238,4891,136,121,0,0,20,0,0,141,93,48,281,0,0,34,0,45,360,148,212,367,0,0,37,0,45,449,138,311,360,0,0,37,0,42,439,133,306,349,0,0,20,0,46,415,115,300,306,0,0,16,0,38,360,85,275,159,0,0,0,0,0,159,24,135,249,0,0,0,0,0,249,107,142
78731,40,1066,88,748,6952,3625,1810,1165,69,1020,122,688,7528,3747,1642,1052,62,1076,150,658,7787,3660,1779,1105,24,965,178,578,7941,4036,1652,1119,96,1147,219,645,7880,4564,1632,998,100,895,169,710,8051,4692,1670,1134,98,903,159,726,7963,4807,1813,1193,1977,861,969,429700,2618,1977,895,1016,436800,2635,1977,953,1098,442300,2779,1978,985,1119,452500,2807,1977,1013,1150,476400,2839,1978,1038,1186,509600,2879,1978,1074,1231,572700,2968,1977,1150,1266,606000,3109,39.2,24898,21629,400,104,2152,33,348,80192,57630,13339,550,39.8,24716,21189,534,98,2169,34,417,78265,57182,13295,532,39.4,25575,21972,701,96,2005,0,555,75269,56169,13700,597,39.5,26412,22428,751,95,2115,10,646,79315,57570,13601,644,39,26595,22642,649,114,2099,26,708,82892,59754,13977,549,38.3,27401,23274,788,27,1965,30,826,83438,60889,14903,582,38.2,27447,23021,721,96,2268,20,909,89099,64934,14910,512,39.1,27175,22898,457,89,2268,20,1002,94048,69343,14753,419,1519,72,0,722,0,31,2378,1030,1348,1299,78,0,745,0,59,2196,846,1350,1722,118,0,609,0,60,2530,997,1533,1704,82,0,548,0,41,2405,907,1498,1734,73,0,571,0,41,2446,987,1459,1737,78,0,472,0,57,2438,918,1520,1860,113,0,413,0,75,2550,892,1658,1693,46,0,478,0,140,2446,896,1550
78732,0,551,174,318,3897,1824,424,260,0,606,163,434,4010,1914,466,462,21,566,156,399,4017,2042,427,483,34,549,136,571,4315,2081,475,519,41,605,41,646,4550,1777,602,432,51,550,70,533,5156,1941,575,429,42,517,77,600,4903,2501,354,254,2003,1513,1573,375300,2924,2003,1431,1688,388600,3006,2003,1419,1702,389900,3059,2003,1213,1406,411100,3102,2004,1327,1393,467300,3226,2004,1359,1489,484100,3241,2004,1394,1466,495800,3221,2005,1456,1496,519100,3266,35,13389,11072,201,53,1337,0,291,125171,49034,6114,316,35.5,14307,11821,257,76,1393,0,381,127726,50114,6314,336,37.2,15097,12946,228,103,1350,0,356,131216,52104,6490,383,39,15312,12722,471,108,1573,0,376,128397,53085,6689,250,39.4,16269,13792,299,24,1672,0,453,132980,56272,6829,375,39.3,16851,14257,297,24,1622,0,622,138734,57823,7107,375,39.2,17762,15215,120,0,2056,0,371,142612,62783,8004,329,40.6,17849,14961,273,0,2075,0,531,156599,66799,8394,189,545,0,0,67,0,0,612,345,267,467,0,0,16,0,0,483,301,182,338,0,0,0,0,0,338,219,119,369,0,0,0,0,0,369,178,191,243,0,0,0,0,0,243,80,163,188,0,0,0,0,0,188,22,166,318,0,0,0,0,0,318,114,204,286,0,0,0,0,0,286,119,167
78733,18,465,68,293,2034,1377,536,269,12,567,86,242,2106,1240,612,326,11,513,42,280,2325,1265,565,336,12,399,48,239,2448,1157,558,298,17,377,40,255,2364,1145,546,348,4,338,31,275,2224,980,575,343,5,211,45,285,2183,1104,551,342,1992,1266,1521,439800,2774,1992,1268,1496,467700,2775,1992,1260,1459,487900,2945,1993,1293,1485,489900,3012,1994,1403,1653,497900,3037,1994,1434,1608,528100,3084,1993,1292,1511,533800,3105,1993,1720,1842,579500,3193,39.3,9219,8204,27,0,736,0,152,119516,55940,4260,118,39.7,9486,8280,0,0,938,0,216,124831,58117,4207,182,41,9475,8187,0,9,939,0,266,122860,62990,4233,195,40.4,9404,7854,0,6,1123,0,317,127250,64975,4322,250,39.9,8930,7354,16,6,1205,0,270,130964,64304,4039,217,40.3,8886,7185,16,5,1261,13,309,129875,67169,4205,178,40.6,8754,7196,17,8,1064,9,362,136563,71845,4245,127,42.1,8611,6950,20,0,1240,8,329,154543,74320,4054,183,209,0,0,0,0,39,276,121,155,207,0,0,0,0,37,255,111,144,261,0,0,0,0,35,309,134,175,222,0,0,0,0,31,280,111,169,184,0,0,0,0,0,199,60,139,174,0,0,5,0,0,194,70,124,140,0,0,4,0,0,155,58,97,179,0,0,5,0,0,195,125,70
78734,38,1787,191,574,4261,1471,350,307,47,1830,261,591,4408,1497,301,242,13,1656,248,535,4325,1676,289,317,15,1806,264,570,4607,1760,271,302,15,1889,222,668,4847,1764,310,318,7,1538,202,628,5152,1997,333,342,6,1384,75,600,5306,1859,505,407,1991,1024,1297,322500,2198,1992,1086,1311,321700,2303,1993,1100,1300,326900,2302,1992,1140,1328,325000,2276,1992,1269,1564,340800,2222,1992,1292,1495,352300,2221,1991,1467,1715,377400,2289,1993,1540,1759,406800,2432,43.7,16729,14361,30,94,383,10,102,85233,45415,8308,430,43.2,17824,15955,30,40,513,0,127,82904,46008,8570,647,43.1,18290,16476,65,35,597,0,131,87300,46328,9021,732,43.3,18498,16797,109,61,646,0,163,92904,47998,9076,647,43.8,18948,17676,157,53,705,0,319,95539,50463,8970,580,44.5,18997,17695,169,50,555,0,424,98019,54496,9306,634,46,18722,17405,251,45,475,0,496,107827,56728,9300,439,46.1,18745,17089,413,44,444,0,702,115458,59634,9352,365,963,0,51,0,0,0,1422,822,600,1478,0,0,0,0,0,1824,881,943,1350,0,0,0,0,17,1710,834,876,1571,0,0,0,0,15,1962,895,1067,1525,10,0,0,0,12,1560,547,1013,1329,11,0,11,0,39,1408,445,963,1089,42,0,22,0,50,1213,423,790,944,47,0,26,0,41,1069,426,643
78735,62,778,110,560,4854,1672,701,425,102,730,96,605,4952,1822,766,437,66,864,94,563,4774,2037,879,500,60,1037,84,483,4793,2217,850,467,78,1172,133,410,4689,2131,701,404,73,1220,91,431,4832,2441,582,414,63,1314,97,439,4914,2329,527,451,1996,955,1107,375100,2738,1996,968,1122,379900,2791,1996,1026,1147,373400,2685,1997,1086,1191,387600,2756,1998,1122,1240,410400,2628,1998,1178,1304,426500,2653,1999,1215,1362,463200,2729,1999,1312,1453,482400,2847,35.6,16024,13752,115,8,1060,0,324,74857,57616,8248,314,35.1,16882,14522,167,7,999,7,462,74571,55802,8362,334,35.6,17118,14736,199,8,1309,5,367,79984,51690,8791,463,36.3,17548,15559,173,41,1100,27,252,81152,53474,8891,500,38.4,17438,15706,243,27,1066,15,280,89245,60110,9151,422,38.5,16948,14721,531,31,1237,8,314,94375,58451,8907,430,38.1,17919,15496,518,31,1414,0,302,102551,63894,9504,382,38.6,17923,15436,566,25,1321,0,415,97636,67415,9346,367,944,0,0,0,0,41,1078,503,575,854,0,0,0,0,90,1031,433,598,803,16,0,0,0,22,841,399,442,1352,48,0,0,0,19,1419,667,752,1092,43,0,0,0,24,1159,544,615,1257,42,0,0,0,30,1329,624,705,1478,47,0,45,0,0,1580,791,789,1697,28,0,74,0,0,1829,866,963
78736,37,776,167,337,1727,731,79,113,56,652,110,270,1803,833,62,86,34,742,154,211,1726,853,108,85,0,771,184,442,1991,842,121,92,0,715,177,402,2173,809,113,105,0,658,142,407,2238,772,128,72,0,841,131,442,2523,674,241,69,1986,888,1023,212600,1690,1987,990,1146,215500,1719,1987,1032,1236,228900,1758,1987,1080,1348,237000,1679,1988,1131,1373,266100,1833,1988,1110,1219,290200,2087,1987,1267,1425,313700,2236,1988,1327,1490,330000,2278,43.4,6599,5759,10,0,347,0,213,85826,39409,3662,203,44.4,6841,5957,13,0,420,0,215,84375,39407,3738,245,45.6,6599,5694,33,57,427,0,212,84940,40537,3561,213,44.7,7030,6253,36,45,344,22,225,86439,46424,3818,98,43.6,7621,6957,38,38,218,17,229,92581,47296,4289,104,42.9,7951,7073,47,64,457,11,212,97049,48586,4491,118,42.9,8199,7515,37,56,338,6,229,107467,50611,4587,55,43,9047,8395,30,16,270,6,277,109012,52693,4833,69,213,2,0,59,0,0,398,175,223,164,2,0,100,0,0,266,112,154,157,1,0,124,0,0,282,118,164,192,4,0,132,0,0,328,127,201,221,2,0,48,0,0,271,70,201,116,1,0,49,0,0,166,57,109,207,4,0,16,0,0,227,88,139,459,25,0,0,0,0,484,245,239
78737,1,884,118,477,3335,1302,416,277,1,859,106,546,3463,1447,433,306,1,1080,126,697,3620,1408,456,273,75,932,125,706,3813,1598,401,257,59,932,121,721,3928,1790,207,244,52,1051,154,830,4143,1831,205,325,45,1110,150,658,4283,1871,240,296,1995,958,1139,325000,2448,1995,1136,1185,324500,2478,1997,1182,1232,338700,2545,1998,976,1214,341300,2561,1999,1520,1579,350900,2553,2001,1634,2023,370800,2558,2002,1700,1979,394600,2679,2003,1409,1565,428000,2861,39.8,12458,11416,148,104,423,0,86,115714,45085,5969,255,39.3,12882,11519,157,100,511,0,134,116250,46334,6347,278,40.6,13539,12164,173,5,519,0,189,121094,48326,6468,329,40.9,14167,12459,161,4,635,0,357,122886,48541,6929,295,41.6,14544,12928,127,4,659,0,338,127934,51269,7224,279,42.4,14731,13644,201,0,454,0,346,123312,51417,7235,275,42,15879,14313,237,0,498,0,590,127136,50418,7868,234,41.6,16160,14325,416,0,564,0,621,132245,54039,7916,260,134,0,0,11,0,0,146,60,86,319,0,0,14,0,0,335,140,195,400,0,0,13,0,0,415,164,251,498,1,0,1,0,0,502,199,303,454,2,0,1,0,0,459,189,270,386,3,0,1,0,0,391,174,217,310,2,0,8,0,9,329,160,169,501,2,0,7,0,8,518,242,276
78738,2,554,67,412,3788,1505,359,108,2,618,57,490,3865,1552,400,133,2,687,68,536,4137,1513,429,188,16,879,48,535,4402,1699,488,233,25,926,62,513,4526,1774,430,216,18,977,43,563,4894,1822,411,242,26,885,62,489,5142,1800,453,275,2002,1172,1281,459300,3061,2002,1183,1341,466700,3246,2002,1185,1344,460200,3200,2003,1216,1373,456300,3139,2003,1240,1402,469200,3106,2004,1267,1407,486000,3038,2005,1350,1435,496300,3039,2005,1408,1529,553000,3158,39.5,11504,10554,40,36,597,0,230,121522,53976,5057,288,39.4,12457,11134,41,16,956,0,240,126233,54528,5514,337,39.6,13141,11655,153,17,944,0,306,118795,49878,5677,445,40.3,13794,12208,188,19,1030,0,263,127683,51998,6100,436,40.5,14795,13053,132,15,1091,0,419,128160,54116,6496,439,41.5,14970,13023,217,0,1292,0,351,121505,54881,6804,356,41.8,15746,13640,210,0,1437,0,364,123836,60798,7355,359,42.3,15589,13640,216,0,1190,0,424,130699,65842,7531,257,455,0,0,8,0,0,472,185,287,365,0,0,9,0,0,374,131,243,473,0,0,60,0,61,594,222,372,382,0,0,53,0,84,519,200,319,311,0,0,46,0,94,451,199,252,285,0,0,21,0,66,372,200,172,375,1,0,251,0,60,687,402,285,444,7,0,186,0,0,637,362,275
78739,50,675,50,523,4569,1900,594,358,44,687,74,484,4754,2002,529,353,63,641,29,577,5111,2006,624,419,0,747,35,572,5275,2064,490,515,0,815,54,637,5497,2353,532,580,18,766,54,634,5977,2508,552,586,19,953,64,600,5607,2740,660,565,2000,1889,2001,349000,2589,2000,2001,2001,350500,2568,2000,1948,2001,355900,2553,2001,1985,2001,364600,2563,2000,2170,2282,381400,2510,2000,2243,2316,394600,2519,2001,2263,2339,426700,2587,2001,2240,2309,447500,2720,35.5,15957,13399,295,84,1079,0,516,132552,48088,7459,181,35.6,16911,14187,197,131,1208,0,766,126525,48456,7784,298,36,17198,14371,162,148,1141,0,882,128597,49116,7858,367,36.5,18068,15092,137,122,1559,0,826,130199,48912,8283,315,37.6,18442,15335,214,119,1608,0,961,132026,52040,8395,419,38.8,19564,16394,343,71,1896,0,659,134313,52042,9022,426,39.3,20191,16935,403,17,2024,0,688,147736,55652,9380,331,39.6,20312,16693,623,16,2144,0,625,150000,57555,9456,236,208,0,0,26,0,10,244,119,125,211,0,0,0,0,13,224,64,160,176,0,0,0,0,0,176,42,134,213,0,0,34,0,0,247,77,170,419,0,0,29,0,0,448,189,259,377,0,0,42,0,21,440,189,251,396,0,0,34,0,17,447,199,248,523,0,0,104,0,19,646,318,328
78741,512,4161,1020,1139,3655,1294,224,223,510,4525,1035,1107,3866,1351,225,237,680,4688,1060,1243,4556,1393,247,310,715,4934,1250,1707,5339,1544,253,256,884,4997,1058,1793,6155,1972,368,317,969,5324,1368,2064,6501,2018,401,400,1156,5360,1415,2145,7551,1872,545,356,1984,670,811,117000,1208,1984,682,835,120200,1255,1985,699,851,127500,1278,1985,720,866,133400,1325,1986,753,901,139000,1312,1986,815,951,141300,1231,1987,873,1002,156800,1416,1987,932,1082,194000,1546,25.3,46959,20892,4461,63,1929,132,1060,30021,15732,26415,2309,25.5,48246,25204,4658,273,2241,140,1472,30183,16270,27326,2736,26.3,48654,28950,4890,216,1776,39,1610,30871,16930,27187,2971,26.2,51274,34739,4875,342,1867,70,1815,31192,17324,28616,2684,26.7,51770,36724,5658,406,1880,16,1593,31657,18689,29320,2668,27.1,51981,37625,5479,557,2435,29,1668,34950,19878,30635,2209,27.8,52307,36884,6286,358,2303,58,1654,39049,22181,31829,1787,28,52716,36412,6658,680,2148,84,1555,41852,24866,32530,1504,7231,1639,45,993,40,410,17949,8147,9802,9617,1826,161,1188,40,719,19455,9154,10301,11603,1984,91,924,0,892,20079,9556,10523,14383,2227,122,1083,0,914,21855,10675,11180,14409,2551,121,1004,0,883,21056,10360,10696,12757,2041,234,1092,0,728,18029,9055,8974,10487,2249,60,945,0,676,15978,8176,7802,8227,2582,171,946,0,371,13899,6930,6969
78742,5,95,42,5,53,22,0,4,7,66,41,8,68,40,0,5,13,74,40,20,46,34,0,4,25,103,18,43,57,29,0,4,50,95,15,53,45,7,0,0,27,72,5,61,57,10,4,0,42,72,18,59,29,11,6,0,1981,336,669,44200,756,1980,346,639,54400,772,1983,437,690,72100,778,1976,736,908,84500,784,1976,735,911,76400,980,1978,757,963,80600,917,1975,838,1048,86100,1078,1974,953,1067,58300,-666666666,36.2,780,267,64,0,0,0,4,21071,14475,282,51,32.4,901,471,27,0,0,0,6,34076,15768,362,43,33.6,810,471,37,0,0,0,7,19688,15485,276,56,34.8,566,419,66,0,0,0,6,35700,20867,255,23,32.8,748,586,73,0,0,0,11,37375,21168,380,31,44.4,714,542,76,0,0,0,22,36250,20119,371,19,46.5,517,381,87,0,0,0,22,33182,23591,289,13,31.5,828,601,68,0,0,0,38,38958,18185,409,14,62,9,0,0,0,0,327,121,206,102,0,0,0,0,0,336,113,223,146,0,0,0,0,0,412,151,261,107,20,0,0,0,0,159,66,93,133,26,0,0,0,0,159,63,96,151,36,0,0,0,0,187,85,102,83,30,0,0,0,0,113,50,63,74,26,0,0,0,0,100,36,64
78744,946,4877,1320,1225,2291,652,220,29,1147,5452,1331,1233,2478,664,201,35,1221,5581,1285,1410,2955,754,133,35,1001,5954,1140,1449,3311,794,120,43,1306,6549,1172,1425,3329,852,189,31,1372,6906,1247,1634,3758,920,154,60,1248,7034,1248,1726,4466,1061,177,74,1987,709,898,108800,1259,1987,729,946,108100,1263,1988,760,962,106500,1243,1988,780,982,107200,1252,1989,804,1012,106000,1206,1989,848,1067,111400,1180,1990,888,1104,121500,1233,1992,942,1157,138500,1271,27.5,41593,17907,3426,358,130,64,783,39652,15876,19993,1748,27.6,43452,22304,3459,536,176,18,1192,41056,15903,20607,2141,27.8,44375,26823,3536,698,186,9,1079,41721,16335,20906,2019,28.4,45830,31566,3407,737,145,11,1055,41331,16617,21670,1893,28.7,46408,32710,3330,614,272,17,1431,42440,16744,21459,1625,28.8,47211,35206,3676,584,293,21,1278,43871,16730,22843,1555,29.3,48432,36045,3510,566,425,0,1121,47073,18572,24411,1186,29.4,48969,33186,3871,436,565,0,1224,49633,19660,24858,1186,3787,660,15,21,0,223,10339,4823,5516,5427,646,27,2,0,380,11212,5214,5998,7096,792,20,0,0,334,11938,5642,6296,9502,721,36,4,0,437,13074,6176,6898,10343,597,31,5,0,414,13376,6416,6960,9558,842,26,7,0,404,12408,5872,6536,9085,889,23,21,0,331,11870,5720,6150,7710,1051,0,21,0,288,11107,5307,5800
78745,374,6559,1458,2829,9756,3007,537,406,298,6923,1836,2426,10258,3204,587,359,377,7162,1860,2211,10887,3384,604,473,457,7232,1834,2508,11512,3659,839,522,468,7292,2038,2556,12198,3805,859,517,559,6855,2019,2814,12637,4364,749,630,624,6991,2131,3331,12986,4593,764,676,1979,796,958,159800,1369,1980,832,990,166200,1378,1979,853,1020,170200,1395,1979,879,1058,174600,1414,1979,913,1092,183900,1425,1979,961,1140,204500,1468,1980,1052,1218,229200,1534,1980,1115,1293,255200,1628,33.6,55010,42196,1904,375,907,14,1515,48029,26135,32387,2586,34.8,54917,45698,2209,404,830,31,1497,49243,27671,32715,2622,35.3,57559,48567,2526,444,794,44,1725,50672,27260,33459,2787,35.5,58878,50287,2716,251,1028,43,1678,52949,27967,34285,2614,35.6,59758,51616,2955,219,1404,40,1794,55365,28827,35454,2317,35.5,61317,52843,3014,178,1453,20,1810,56778,30291,36567,2225,35.4,62220,53879,2911,170,1669,10,1827,60567,32404,37412,1857,35.3,62771,54003,3076,247,1655,0,1941,62265,34654,38770,1581,5688,498,65,129,0,298,8632,4193,4439,6645,446,74,146,0,364,8722,4098,4624,7511,524,117,107,18,551,9737,4557,5180,7454,673,52,225,15,346,9464,4096,5368,6878,508,31,250,9,331,8185,3609,4576,6907,480,40,166,11,369,8176,3789,4387,6456,480,31,207,10,287,7695,3528,4167,6443,570,11,195,0,161,7515,3220,4295
78746,7,676,185,637,7965,3885,2025,1037,18,783,167,625,8101,3972,2097,966,17,898,197,620,8279,3888,1869,1045,25,770,138,641,8507,4107,1963,979,27,774,167,640,8553,4059,2065,911,37,748,167,690,8693,4168,2294,956,41,663,148,648,8997,4201,2141,917,1986,1070,1205,610800,3401,1986,1117,1221,619900,3334,1986,1132,1225,634000,3407,1986,1192,1325,666600,3509,1987,1250,1421,713400,3506,1986,1299,1449,749000,3560,1986,1316,1456,812900,3825,1986,1389,1519,851900,3948,41.7,26677,24134,175,28,1479,0,597,129188,77250,13055,534,41.5,26939,23716,181,29,1972,0,703,125327,77355,13107,598,41.7,27506,23854,199,33,2034,106,993,128936,76782,13202,587,40.9,27960,24195,181,17,2121,160,989,128556,78195,13609,554,41.5,27928,24245,234,5,2197,196,845,128184,80898,13774,542,41.7,27971,24341,177,17,2064,179,892,132551,82173,14083,547,42.2,28268,24871,189,18,2106,141,752,136138,84115,13907,518,42.1,28495,25335,253,10,2096,0,515,139951,84782,14191,570,992,26,0,134,0,10,1175,606,569,1098,58,0,122,0,22,1300,619,681,1234,40,0,153,63,16,1506,755,751,1251,40,0,139,78,10,1518,751,767,1221,54,0,95,86,20,1490,707,783,1009,39,0,76,67,28,1247,580,667,1196,27,0,102,52,8,1415,687,728,1172,32,0,61,0,12,1314,587,727
78747,152,1879,488,601,1869,403,100,100,201,2194,434,584,2354,406,133,118,313,2310,639,544,2560,481,140,136,352,2512,625,666,2779,617,109,98,416,2644,571,744,2972,759,119,103,352,3030,504,618,2935,878,112,162,290,2751,615,693,2991,1108,94,149,2001,849,1048,170700,1483,2002,881,1061,163000,1457,2002,908,1104,167800,1471,2002,896,1147,168100,1438,2002,970,1180,169400,1420,2002,1057,1309,177600,1435,2002,1167,1387,203800,1451,2003,1253,1390,222700,1479,32.9,13179,7786,846,516,529,0,452,56357,29487,6911,479,33.1,14158,9101,847,634,734,0,360,57904,27794,7193,591,32.4,15919,10747,1202,326,640,0,560,61599,27087,8050,480,32,16753,12530,1079,313,462,0,753,62243,27708,8377,409,31.8,18544,14846,1052,358,388,0,559,67313,26670,9262,303,32,19876,15892,1392,205,480,16,837,75698,27284,10121,300,32.1,20954,16339,1375,149,456,15,789,79500,27493,10730,345,34.2,20166,14902,1272,128,628,10,547,81184,30099,10597,546,655,41,266,188,0,80,2065,953,1112,852,34,360,255,0,74,2397,1062,1335,845,32,0,210,0,64,1929,915,1014,918,24,0,27,0,104,1497,664,833,1185,0,0,20,0,13,1465,676,789,1015,0,0,0,0,32,1169,607,562,894,8,11,0,0,34,1050,602,448,857,8,23,0,0,36,1045,595,450
78748,133,4341,761,1972,7765,2572,275,238,134,4469,801,2116,8639,2750,297,217,132,5015,971,2068,9163,3252,343,255,191,5306,958,2097,9598,3687,430,300,217,5602,1078,2146,9970,3902,453,287,333,5223,1071,2246,10642,4367,458,289,321,5764,975,2017,11253,4264,549,233,1994,888,1086,181800,1617,1995,902,1095,185500,1612,1996,942,1138,187900,1624,1996,989,1181,192800,1613,1996,1008,1198,205800,1572,1997,1067,1240,221000,1589,1999,1139,1326,238600,1641,2000,1229,1392,256200,1703,31.8,37784,29989,1899,165,1184,44,1010,66661,32026,22543,1214,32.1,40290,32709,2140,36,1365,68,1288,65889,31270,23406,1520,32.2,41710,35449,1872,61,1482,41,1253,66309,31940,23986,1952,32.4,44907,36837,2381,55,1966,52,1857,68835,31912,26183,1681,32.9,46679,38478,2202,56,2065,69,2110,70141,32018,27514,1401,33.7,47966,39602,2423,157,2351,23,2285,72908,33717,28185,1336,33.9,49142,40617,3015,145,2295,6,2038,74176,34595,29047,1098,34.6,50997,41671,3229,160,2427,10,2443,77700,35891,30214,815,2289,517,70,115,0,71,3356,1866,1490,2573,487,19,34,0,147,3615,1966,1649,3410,341,21,29,0,151,4177,2109,2068,3455,281,16,81,0,226,4251,2229,2022,3274,162,18,98,0,222,3882,2021,1861,3942,189,0,98,0,262,4639,2422,2217,4072,152,0,150,0,149,4722,2337,2385,3469,185,0,156,0,208,4220,2239,1981
78749,69,2405,430,1500,9074,3654,599,637,74,2437,339,1572,9571,3755,725,633,103,2248,321,1448,9900,4174,841,821,134,2325,353,1401,10305,4528,879,870,104,2221,337,1464,10592,4359,914,752,94,2370,340,1334,11449,4629,909,778,50,2363,419,1364,11117,5311,977,858,1994,939,1093,229900,1756,1994,984,1150,233900,1797,1994,1008,1178,237800,1828,1994,1078,1214,248300,1848,1994,1137,1284,257400,1835,1994,1162,1307,275600,1837,1994,1192,1335,296900,1942,1994,1266,1396,322400,1984,34.8,33947,27816,1483,145,2461,17,971,79712,39161,19893,650,34.9,34391,28560,1292,146,2391,22,1146,80956,38495,19739,770,36.2,34392,28926,1200,198,2364,17,1061,84907,39897,19549,811,36.5,35183,29231,1194,168,2892,0,1191,84954,40471,19776,1103,36.6,36210,30269,1009,153,3119,0,1243,89713,42215,20989,1093,36.7,36478,30168,1191,126,3191,0,1256,87421,42911,21725,1191,36.7,37453,30820,1185,68,3574,0,1377,92313,45232,22114,1143,37,37774,30241,1623,40,4041,0,1426,98953,48575,22561,1092,1513,379,3,190,0,30,2166,941,1225,1497,306,2,220,0,89,2178,900,1278,1668,160,2,203,0,46,2156,1030,1126,1387,145,2,291,0,58,1928,903,1025,1629,175,1,202,0,60,2106,979,1127,1568,54,0,136,0,51,1819,747,1072,1547,72,0,134,0,39,1802,766,1036,1348,106,0,150,0,179,1783,705,1078
78750,76,2313,425,1144,6514,2611,845,892,61,2264,409,1082,6564,2470,801,761,95,2528,493,1324,6549,2851,759,698,183,2502,503,1317,7004,2848,736,599,241,2413,537,1318,7101,3541,676,544,184,2411,374,1478,7280,3767,730,682,213,2560,313,1464,7513,4108,733,738,1985,808,989,295300,2079,1985,854,1012,303100,2030,1986,883,1063,306900,2040,1986,894,1097,312500,2031,1986,946,1151,322700,1976,1987,1002,1222,330500,2030,1986,1074,1255,359500,2166,1986,1218,1353,388900,2264,39.6,26734,20569,1303,32,2704,16,793,79685,45128,14467,935,39.5,27119,21697,853,18,2745,82,789,75958,43194,14391,925,38.9,27012,21255,907,15,3097,67,800,76236,42397,14534,1031,39.6,27912,22452,806,0,3111,54,934,73659,41418,14899,1125,39.1,28626,22983,598,9,3529,22,1046,76285,42435,14969,1209,38.7,29991,23354,659,106,4363,55,1185,79228,44050,15733,1062,39.1,30758,22617,1206,142,5029,5,1386,81061,47248,16066,1148,39.7,30847,22743,1286,135,4702,6,1533,91585,51125,16209,1056,830,381,0,231,0,71,1580,834,746,1374,48,0,353,0,71,1859,890,969,1233,67,0,437,0,43,1780,769,1011,1442,62,0,520,0,61,2085,812,1273,1835,45,0,460,0,98,2438,1112,1326,1800,54,0,359,0,0,2213,1011,1202,1626,245,0,353,0,68,2292,960,1332,1454,194,0,225,0,80,1965,944,1021
78751,69,549,175,523,3262,1622,218,547,52,501,189,438,3468,1893,277,488,70,646,199,382,3599,1893,370,433,71,767,178,389,3881,1864,390,445,56,779,187,312,4359,2008,432,518,67,892,163,394,4728,2040,517,540,84,873,199,437,4954,2121,513,753,1970,739,829,300300,2033,1969,757,865,292200,1978,1966,777,876,297200,2104,1966,821,905,295700,2079,1966,861,963,322900,2086,1964,961,1087,366100,2195,1964,1074,1200,395200,2482,1965,1200,1299,450000,2540,28,14526,12044,252,0,1027,0,647,37521,30867,9287,795,28.3,14340,12132,242,0,798,0,562,38624,31026,9231,888,29.3,14045,11794,194,0,808,0,659,39032,33636,9279,908,29.1,13838,11604,113,42,786,0,516,41279,36020,9091,894,29,14441,12004,200,48,872,0,527,45726,37171,9668,710,29.4,14648,12169,353,98,940,0,451,51567,39807,10014,624,29.5,14949,12373,373,102,998,17,457,54129,42009,10305,531,29.5,15805,13168,518,120,969,35,429,59926,46170,10877,449,2745,2,0,582,0,143,3656,1532,2124,2869,17,0,354,0,114,3714,1581,2133,2720,16,0,159,0,166,3481,1368,2113,2591,18,27,137,0,87,3391,1393,1998,2560,87,34,156,0,82,3433,1386,2047,2258,133,27,208,0,64,3097,1317,1780,2086,124,24,270,17,80,2906,1224,1682,2157,119,23,323,35,77,2971,1246,1725
78752,333,1945,438,551,1691,830,37,140,339,2075,480,493,2095,807,88,120,436,2422,302,383,2306,921,122,118,483,2673,269,373,2738,801,206,126,451,2724,185,311,2705,760,295,81,405,2973,191,344,3172,889,411,129,568,2748,301,545,3749,1132,434,125,1973,633,744,148900,1354,1975,634,752,153000,1349,1976,664,805,163900,1368,1977,678,831,170600,1411,1977,697,852,187400,1445,1978,735,892,202800,1532,1979,794,962,233900,1656,1979,877,1061,253800,1770,30.3,16494,11640,2192,69,382,0,284,33173,18983,9407,918,30.4,17170,11332,2607,158,493,0,269,33271,18706,9518,963,30.2,18381,12439,2220,168,513,0,322,34716,18845,9979,929,30,19639,12389,2366,204,631,0,360,37396,19943,10957,924,30.3,20153,12291,2334,194,511,0,464,38841,20326,10947,845,30.7,19902,12767,2180,118,274,0,375,38363,21632,10856,686,30.4,20302,12808,1779,188,365,0,431,41486,24519,11573,524,31,21324,12814,1995,379,454,0,601,45644,26276,12356,638,3709,623,0,45,0,85,5214,2584,2630,3686,863,0,77,0,32,5489,2726,2763,4769,770,0,69,0,48,6490,3242,3248,3976,818,0,126,0,108,6420,3469,2951,3703,689,0,104,0,95,5828,2978,2850,4091,677,0,101,0,86,5808,2865,2943,3267,393,140,175,0,135,5254,2688,2566,2653,465,160,195,0,75,4868,2364,2504
78753,1038,7005,789,1628,4396,1376,241,202,967,6852,1143,1645,4746,1238,167,186,1074,7081,1352,1644,4811,1289,268,206,994,7968,1343,1697,4790,1132,269,287,1048,8624,1558,1691,4903,1172,279,268,1152,9552,1642,1971,5319,1541,296,220,1285,9777,1410,2257,5943,1742,262,247,1984,649,795,134000,1348,1985,674,826,134900,1344,1985,690,852,135700,1323,1985,706,869,136300,1317,1985,728,893,142700,1331,1985,783,933,150700,1356,1986,837,1003,161000,1407,1986,876,1058,177300,1505,29.2,51547,28196,6274,640,3253,0,894,40463,18369,26753,2626,29.6,52384,28844,6524,516,3183,82,1061,39593,18137,26866,2577,29.8,52674,30289,6577,449,3152,30,1227,38884,18115,27016,2616,30.4,53994,32767,6161,424,3286,38,1011,39228,18722,27730,2213,30.2,55077,33217,6195,245,3307,93,1182,40376,20037,29455,1794,30.6,56131,33935,6444,280,3403,87,1323,41489,20913,29508,1672,30.9,58693,35101,6597,518,3543,30,1688,45983,22774,31754,1691,31.2,59085,34872,7040,654,3682,38,1788,49065,24078,31742,1631,6402,1539,0,358,0,54,11949,5457,6492,7845,1698,87,271,0,126,13770,6547,7223,8279,1750,75,309,0,156,14184,7008,7176,8597,1867,120,280,7,216,15009,7715,7294,7346,2094,63,341,18,395,13934,6795,7139,7007,2056,79,467,16,522,13570,6582,6988,6055,1675,14,556,15,415,12054,5741,6313,5663,1529,106,589,23,542,11599,5727,5872
78754,159,1480,417,699,2426,795,83,102,187,2008,516,698,2516,902,97,127,217,2390,480,955,2597,1037,120,139,322,2653,429,1324,3103,1331,141,110,361,2843,397,1408,3159,1480,217,199,302,2931,415,1551,3780,1703,333,187,253,2697,431,1489,4016,1810,326,318,2001,774,925,164300,1566,2001,828,969,167600,1584,2001,848,997,163000,1570,2001,872,1045,163000,1578,2001,886,1055,159300,1526,2001,907,1121,169300,1545,2002,957,1183,183200,1620,2001,1042,1204,211000,1713,29.9,13326,5969,2579,22,1702,192,470,54087,27113,7624,496,30.3,13570,6512,2585,34,2047,0,456,53274,27534,7787,736,31.7,15109,7339,2924,33,2547,0,631,54896,27663,8468,824,32.4,16494,8451,3747,23,2426,0,779,53040,26892,9035,952,33.1,19020,10528,4034,46,2812,0,840,53962,28179,10323,1047,32.4,21764,12323,3903,122,3124,101,1011,56819,28954,11852,1113,32.6,23858,13224,4216,190,2925,142,1326,64114,30299,12597,942,32.4,24408,13368,4197,191,3336,114,1261,67224,31605,13210,733,593,338,0,157,0,44,1305,518,787,810,319,0,158,0,83,1538,608,930,1098,131,0,183,0,119,1736,657,1079,1173,190,0,201,0,144,2063,830,1233,1538,328,0,205,0,137,2635,908,1727,1896,518,0,156,0,39,2906,809,2097,1648,528,0,248,0,32,2741,753,1988,2005,484,0,207,0,0,2905,856,2049
78756,3,478,97,225,2275,1180,168,295,9,328,152,251,2218,1293,211,339,11,568,173,251,2308,1403,248,391,10,595,178,187,2529,1592,255,380,22,494,163,221,2941,1419,287,361,21,511,152,156,2796,1472,310,428,12,623,62,216,2978,1483,324,387,1959,759,883,330600,2081,1958,804,888,342300,2118,1960,812,894,364400,2409,1961,836,932,377600,2417,1963,879,1023,395600,2494,1964,1030,1157,454300,2452,1969,1073,1213,476700,2483,1969,1146,1236,493200,2630,35.9,7682,7036,236,2,242,15,65,59745,43663,4941,240,35.5,8060,7244,240,0,380,21,64,59685,43571,5164,197,34.8,8125,7051,404,0,315,52,149,59854,43422,5226,123,35.2,8685,7336,427,0,527,54,138,63750,46095,5517,124,35.4,8908,7482,338,0,564,66,219,64978,47118,5677,140,34.7,8798,7440,351,0,431,71,276,69583,51270,5908,125,36,8377,7115,379,0,382,41,300,73578,56590,5744,67,35.6,8323,7256,225,0,414,0,277,82705,59679,5828,77,394,97,2,0,0,0,496,318,178,537,69,0,42,0,0,742,522,220,698,91,0,41,0,0,915,590,325,660,111,0,37,0,0,951,615,336,683,73,0,39,0,0,944,624,320,598,86,0,45,0,0,862,503,359,369,66,0,6,0,0,493,242,251,320,77,0,5,0,0,463,188,275
78757,111,2280,376,914,5140,2334,519,493,116,2178,384,926,5220,2528,514,461,78,2323,309,1002,5774,2579,437,524,121,2319,299,1071,6232,2516,471,535,147,2157,395,1028,6434,2712,511,452,213,2459,285,1037,6364,2561,619,538,364,2108,290,980,6453,2854,611,655,1964,734,878,238300,1765,1964,742,895,253300,1780,1964,747,912,259400,1782,1964,811,996,277100,1813,1964,852,1020,302500,1827,1965,892,1082,321200,1858,1965,943,1120,348600,1995,1966,998,1178,389000,2223,37.4,22542,18773,389,39,735,0,298,54205,32848,13312,771,37.9,22718,18917,352,43,664,0,256,55156,33963,13360,821,37.8,22655,19264,481,42,637,0,300,57429,35045,13372,695,37.1,23442,20105,465,39,688,0,364,60856,36098,13942,651,37.8,23118,19373,372,26,792,0,462,61497,38542,13966,538,37.2,23611,19798,368,0,894,0,506,62992,41052,14294,471,37,24059,19808,317,0,776,0,637,65709,43043,14408,389,36.9,24823,20493,334,0,830,0,666,70489,45121,14791,297,2009,52,0,91,0,55,3428,1755,1673,2115,54,0,80,0,16,3538,1791,1747,2257,147,0,93,0,24,3302,1591,1711,2884,202,0,40,0,42,4021,1859,2162,2377,181,0,165,0,40,3769,1755,2014,2148,156,0,232,0,89,3568,1658,1910,2189,67,0,191,0,124,3559,1726,1833,2273,169,0,144,0,101,3775,1840,1935
78758,482,4916,1197,1697,6078,2188,153,210,562,5270,1200,1690,6744,2167,169,200,561,5725,1167,1769,6489,2137,144,397,678,6238,1138,1797,7272,1927,192,557,697,6538,1046,1702,7372,2090,325,613,598,6743,916,1969,8308,2220,365,554,623,6776,865,2023,8582,2430,436,922,1983,711,875,140700,1317,1983,725,898,144200,1333,1983,744,918,146100,1330,1983,760,931,147200,1307,1982,797,962,151200,1299,1983,842,998,159600,1304,1983,894,1072,178100,1361,1983,965,1142,202200,1446,29.5,43577,21342,5678,338,3063,33,1043,42194,22246,24059,2483,29.8,45105,23949,6318,212,2722,43,996,41792,22340,24757,2717,30.2,45623,25632,5183,155,3262,36,1057,43537,23608,25172,2668,30.3,45134,27434,4687,142,3371,0,1164,44476,23937,24759,2427,30.8,46972,30134,4505,190,2952,0,1317,43979,24163,26256,2158,31.2,46506,31382,4116,138,2769,0,1288,47244,26184,26722,1510,31.4,46618,31026,3687,161,2815,0,1196,50018,27889,27267,1285,32.4,47470,31347,3732,531,2903,0,1129,53547,30082,28422,1176,3490,1747,34,354,0,258,9514,4024,5490,4651,2071,0,94,0,135,10778,4739,6039,5371,1687,24,249,0,193,10952,4986,5966,5914,1353,18,343,0,235,10606,5000,5606,6020,1227,23,381,0,224,10990,5177,5813,5944,1080,35,356,0,264,10471,5083,5388,4961,739,64,399,0,210,9224,4068,5156,4576,745,36,232,0,153,8625,3601,5024
78759,19,2555,412,1454,11152,5081,1346,1386,47,2476,424,1484,11325,5109,1497,1299,67,2476,468,1431,11407,5571,1443,1445,87,2538,521,1432,11558,6057,1396,1448,108,2535,406,1532,11999,6136,1304,1549,145,2582,384,1619,11782,6529,1285,1691,106,2579,402,1602,12516,6712,1318,1684,1985,804,938,302300,2087,1985,828,962,307800,2080,1985,855,984,312300,2075,1985,889,1032,320900,2123,1985,931,1081,341200,2179,1985,991,1150,367600,2209,1985,1052,1203,389900,2321,1985,1119,1260,414600,2472,36,40602,31247,1287,44,4673,0,1072,65851,45221,23969,1580,37.4,39850,30981,1393,36,4938,0,995,65672,46871,23877,1693,37.8,39895,31357,1105,55,4585,0,1301,66828,47979,24114,1801,38.5,40067,31755,1196,51,4431,0,1449,70095,48542,24008,1600,38.9,40629,32430,1561,44,4490,0,1486,71647,48713,23910,1516,39.4,41415,33122,1504,39,4683,0,1262,74379,50095,24086,1182,40,41847,33736,1510,41,4505,0,1393,76749,51401,24512,1087,40,42524,34341,1551,39,4722,14,1272,81066,53867,25343,1005,1965,193,0,292,0,56,3162,1432,1730,1927,208,0,487,0,23,2853,1305,1548,1940,12,0,421,0,63,2723,1325,1398,1659,30,0,412,0,76,2327,1044,1283,1803,248,0,308,0,66,2545,1247,1298,1671,194,0,333,0,73,2360,1209,1151,1590,213,0,199,0,154,2238,1212,1026,1571,369,0,208,0,195,2441,1322,1119
