"GEO_ID","id",
"NAME","Geographic Area Name",
"DP02_0001E","Estimate!!HOUSEHOLDS BY TYPE!!Total households",
"DP02_0001M","Estimate Margin of Error!!HOUSEHOLDS BY TYPE!!Total households",
"DP02_0001PE","Percent!!HOUSEHOLDS BY TYPE!!Total households",
"DP02_0001PM","Percent Margin of Error!!HOUSEHOLDS BY TYPE!!Total households",
"DP02_0002E","Estimate!!HOUSEHOLDS BY TYPE!!Family households (families)",
"DP02_0002M","Estimate Margin of Error!!HOUSEHOLDS BY TYPE!!Family households (families)",
"DP02_0002PE","Percent!!HOUSEHOLDS BY TYPE!!Family households (families)",
"DP02_0002PM","Percent Margin of Error!!HOUSEHOLDS BY TYPE!!Family households (families)",
"DP02_0003E","Estimate!!HOUSEHOLDS BY TYPE!!Family households (families)!!With own children under 18 years",
"DP02_0003M","Estimate Margin of Error!!HOUSEHOLDS BY TYPE!!Family households (families)!!With own children under 18 years",
"DP02_0003PE","Percent!!HOUSEHOLDS BY TYPE!!Family households (families)!!With own children under 18 years",
"DP02_0003PM","Percent Margin of Error!!HOUSEHOLDS BY TYPE!!Family households (families)!!With own children under 18 years",
"DP02_0004E","Estimate!!HOUSEHOLDS BY TYPE!!Family households (families)!!Married-couple family",
"DP02_0004M","Estimate Margin of Error!!HOUSEHOLDS BY TYPE!!Family households (families)!!Married-couple family",
"DP02_0004PE","Percent!!HOUSEHOLDS BY TYPE!!Family households (families)!!Married-couple family",
"DP02_0004PM","Percent Margin of Error!!HOUSEHOLDS BY TYPE!!Family households (families)!!Married-couple family",
"DP02_0005E","Estimate!!HOUSEHOLDS BY TYPE!!Family households (families)!!Married-couple family!!With own children under 18 years",
"DP02_0005M","Estimate Margin of Error!!HOUSEHOLDS BY TYPE!!Family households (families)!!Married-couple family!!With own children under 18 years",
"DP02_0005PE","Percent!!HOUSEHOLDS BY TYPE!!Family households (families)!!Married-couple family!!With own children under 18 years",
"DP02_0005PM","Percent Margin of Error!!HOUSEHOLDS BY TYPE!!Family households (families)!!Married-couple family!!With own children under 18 years",
"DP02_0006E","Estimate!!HOUSEHOLDS BY TYPE!!Family households (families)!!Male householder, no wife present, family",
"DP02_0006M","Estimate Margin of Error!!HOUSEHOLDS BY TYPE!!Family households (families)!!Male householder, no wife present, family",
"DP02_0006PE","Percent!!HOUSEHOLDS BY TYPE!!Family households (families)!!Male householder, no wife present, family",
"DP02_0006PM","Percent Margin of Error!!HOUSEHOLDS BY TYPE!!Family households (families)!!Male householder, no wife present, family",
"DP02_0007E","Estimate!!HOUSEHOLDS BY TYPE!!Family households (families)!!Male householder, no wife present, family!!With own children under 18 years",
"DP02_0007M","Estimate Margin of Error!!HOUSEHOLDS BY TYPE!!Family households (families)!!Male householder, no wife present, family!!With own children under 18 years",
"DP02_0007PE","Percent!!HOUSEHOLDS BY TYPE!!Family households (families)!!Male householder, no wife present, family!!With own children under 18 years",
"DP02_0007PM","Percent Margin of Error!!HOUSEHOLDS BY TYPE!!Family households (families)!!Male householder, no wife present, family!!With own children under 18 years",
"DP02_0008E","Estimate!!HOUSEHOLDS BY TYPE!!Family households (families)!!Female householder, no husband present, family",
"DP02_0008M","Estimate Margin of Error!!HOUSEHOLDS BY TYPE!!Family households (families)!!Female householder, no husband present, family",
"DP02_0008PE","Percent!!HOUSEHOLDS BY TYPE!!Family households (families)!!Female householder, no husband present, family",
"DP02_0008PM","Percent Margin of Error!!HOUSEHOLDS BY TYPE!!Family households (families)!!Female householder, no husband present, family",
"DP02_0009E","Estimate!!HOUSEHOLDS BY TYPE!!Family households (families)!!Female householder, no husband present, family!!With own children under 18 years",
"DP02_0009M","Estimate Margin of Error!!HOUSEHOLDS BY TYPE!!Family households (families)!!Female householder, no husband present, family!!With own children under 18 years",
"DP02_0009PE","Percent!!HOUSEHOLDS BY TYPE!!Family households (families)!!Female householder, no husband present, family!!With own children under 18 years",
"DP02_0009PM","Percent Margin of Error!!HOUSEHOLDS BY TYPE!!Family households (families)!!Female householder, no husband present, family!!With own children under 18 years",
"DP02_0010E","Estimate!!HOUSEHOLDS BY TYPE!!Nonfamily households",
"DP02_0010M","Estimate Margin of Error!!HOUSEHOLDS BY TYPE!!Nonfamily households",
"DP02_0010PE","Percent!!HOUSEHOLDS BY TYPE!!Nonfamily households",
"DP02_0010PM","Percent Margin of Error!!HOUSEHOLDS BY TYPE!!Nonfamily households",
"DP02_0011E","Estimate!!HOUSEHOLDS BY TYPE!!Nonfamily households!!Householder living alone",
"DP02_0011M","Estimate Margin of Error!!HOUSEHOLDS BY TYPE!!Nonfamily households!!Householder living alone",
"DP02_0011PE","Percent!!HOUSEHOLDS BY TYPE!!Nonfamily households!!Householder living alone",
"DP02_0011PM","Percent Margin of Error!!HOUSEHOLDS BY TYPE!!Nonfamily households!!Householder living alone",
"DP02_0012E","Estimate!!HOUSEHOLDS BY TYPE!!Nonfamily households!!Householder living alone!!65 years and over",
"DP02_0012M","Estimate Margin of Error!!HOUSEHOLDS BY TYPE!!Nonfamily households!!Householder living alone!!65 years and over",
"DP02_0012PE","Percent!!HOUSEHOLDS BY TYPE!!Nonfamily households!!Householder living alone!!65 years and over",
"DP02_0012PM","Percent Margin of Error!!HOUSEHOLDS BY TYPE!!Nonfamily households!!Householder living alone!!65 years and over",
"DP02_0013E","Estimate!!HOUSEHOLDS BY TYPE!!Households with one or more people under 18 years",
"DP02_0013M","Estimate Margin of Error!!HOUSEHOLDS BY TYPE!!Households with one or more people under 18 years",
"DP02_0013PE","Percent!!HOUSEHOLDS BY TYPE!!Households with one or more people under 18 years",
"DP02_0013PM","Percent Margin of Error!!HOUSEHOLDS BY TYPE!!Households with one or more people under 18 years",
"DP02_0014E","Estimate!!HOUSEHOLDS BY TYPE!!Households with one or more people 65 years and over",
"DP02_0014M","Estimate Margin of Error!!HOUSEHOLDS BY TYPE!!Households with one or more people 65 years and over",
"DP02_0014PE","Percent!!HOUSEHOLDS BY TYPE!!Households with one or more people 65 years and over",
"DP02_0014PM","Percent Margin of Error!!HOUSEHOLDS BY TYPE!!Households with one or more people 65 years and over",
"DP02_0015E","Estimate!!HOUSEHOLDS BY TYPE!!Average household size",
"DP02_0015M","Estimate Margin of Error!!HOUSEHOLDS BY TYPE!!Average household size",
"DP02_0015PE","Percent!!HOUSEHOLDS BY TYPE!!Average household size",
"DP02_0015PM","Percent Margin of Error!!HOUSEHOLDS BY TYPE!!Average household size",
"DP02_0016E","Estimate!!HOUSEHOLDS BY TYPE!!Average family size",
"DP02_0016M","Estimate Margin of Error!!HOUSEHOLDS BY TYPE!!Average family size",
"DP02_0016PE","Percent!!HOUSEHOLDS BY TYPE!!Average family size",
"DP02_0016PM","Percent Margin of Error!!HOUSEHOLDS BY TYPE!!Average family size",
"DP02_0017E","Estimate!!RELATIONSHIP!!Population in households",
"DP02_0017M","Estimate Margin of Error!!RELATIONSHIP!!Population in households",
"DP02_0017PE","Percent!!RELATIONSHIP!!Population in households",
"DP02_0017PM","Percent Margin of Error!!RELATIONSHIP!!Population in households",
"DP02_0018E","Estimate!!RELATIONSHIP!!Householder",
"DP02_0018M","Estimate Margin of Error!!RELATIONSHIP!!Householder",
"DP02_0018PE","Percent!!RELATIONSHIP!!Householder",
"DP02_0018PM","Percent Margin of Error!!RELATIONSHIP!!Householder",
"DP02_0019E","Estimate!!RELATIONSHIP!!Spouse",
"DP02_0019M","Estimate Margin of Error!!RELATIONSHIP!!Spouse",
"DP02_0019PE","Percent!!RELATIONSHIP!!Spouse",
"DP02_0019PM","Percent Margin of Error!!RELATIONSHIP!!Spouse",
"DP02_0020E","Estimate!!RELATIONSHIP!!Child",
"DP02_0020M","Estimate Margin of Error!!RELATIONSHIP!!Child",
"DP02_0020PE","Percent!!RELATIONSHIP!!Child",
"DP02_0020PM","Percent Margin of Error!!RELATIONSHIP!!Child",
"DP02_0021E","Estimate!!RELATIONSHIP!!Other relatives",
"DP02_0021M","Estimate Margin of Error!!RELATIONSHIP!!Other relatives",
"DP02_0021PE","Percent!!RELATIONSHIP!!Other relatives",
"DP02_0021PM","Percent Margin of Error!!RELATIONSHIP!!Other relatives",
"DP02_0022E","Estimate!!RELATIONSHIP!!Nonrelatives",
"DP02_0022M","Estimate Margin of Error!!RELATIONSHIP!!Nonrelatives",
"DP02_0022PE","Percent!!RELATIONSHIP!!Nonrelatives",
"DP02_0022PM","Percent Margin of Error!!RELATIONSHIP!!Nonrelatives",
"DP02_0023E","Estimate!!RELATIONSHIP!!Nonrelatives!!Unmarried partner",
"DP02_0023M","Estimate Margin of Error!!RELATIONSHIP!!Nonrelatives!!Unmarried partner",
"DP02_0023PE","Percent!!RELATIONSHIP!!Nonrelatives!!Unmarried partner",
"DP02_0023PM","Percent Margin of Error!!RELATIONSHIP!!Nonrelatives!!Unmarried partner",
"DP02_0024E","Estimate!!MARITAL STATUS!!Males 15 years and over",
"DP02_0024M","Estimate Margin of Error!!MARITAL STATUS!!Males 15 years and over",
"DP02_0024PE","Percent!!MARITAL STATUS!!Males 15 years and over",
"DP02_0024PM","Percent Margin of Error!!MARITAL STATUS!!Males 15 years and over",
"DP02_0025E","Estimate!!MARITAL STATUS!!Never married",
"DP02_0025M","Estimate Margin of Error!!MARITAL STATUS!!Never married",
"DP02_0025PE","Percent!!MARITAL STATUS!!Never married",
"DP02_0025PM","Percent Margin of Error!!MARITAL STATUS!!Never married",
"DP02_0026E","Estimate!!MARITAL STATUS!!Now married, except separated",
"DP02_0026M","Estimate Margin of Error!!MARITAL STATUS!!Now married, except separated",
"DP02_0026PE","Percent!!MARITAL STATUS!!Now married, except separated",
"DP02_0026PM","Percent Margin of Error!!MARITAL STATUS!!Now married, except separated",
"DP02_0027E","Estimate!!MARITAL STATUS!!Separated",
"DP02_0027M","Estimate Margin of Error!!MARITAL STATUS!!Separated",
"DP02_0027PE","Percent!!MARITAL STATUS!!Separated",
"DP02_0027PM","Percent Margin of Error!!MARITAL STATUS!!Separated",
"DP02_0028E","Estimate!!MARITAL STATUS!!Widowed",
"DP02_0028M","Estimate Margin of Error!!MARITAL STATUS!!Widowed",
"DP02_0028PE","Percent!!MARITAL STATUS!!Widowed",
"DP02_0028PM","Percent Margin of Error!!MARITAL STATUS!!Widowed",
"DP02_0029E","Estimate!!MARITAL STATUS!!Divorced",
"DP02_0029M","Estimate Margin of Error!!MARITAL STATUS!!Divorced",
"DP02_0029PE","Percent!!MARITAL STATUS!!Divorced",
"DP02_0029PM","Percent Margin of Error!!MARITAL STATUS!!Divorced",
"DP02_0030E","Estimate!!MARITAL STATUS!!Females 15 years and over",
"DP02_0030M","Estimate Margin of Error!!MARITAL STATUS!!Females 15 years and over",
"DP02_0030PE","Percent!!MARITAL STATUS!!Females 15 years and over",
"DP02_0030PM","Percent Margin of Error!!MARITAL STATUS!!Females 15 years and over",
"DP02_0031E","Estimate!!MARITAL STATUS!!Never married",
"DP02_0031M","Estimate Margin of Error!!MARITAL STATUS!!Never married",
"DP02_0031PE","Percent!!MARITAL STATUS!!Never married",
"DP02_0031PM","Percent Margin of Error!!MARITAL STATUS!!Never married",
"DP02_0032E","Estimate!!MARITAL STATUS!!Now married, except separated",
"DP02_0032M","Estimate Margin of Error!!MARITAL STATUS!!Now married, except separated",
"DP02_0032PE","Percent!!MARITAL STATUS!!Now married, except separated",
"DP02_0032PM","Percent Margin of Error!!MARITAL STATUS!!Now married, except separated",
"DP02_0033E","Estimate!!MARITAL STATUS!!Separated",
"DP02_0033M","Estimate Margin of Error!!MARITAL STATUS!!Separated",
"DP02_0033PE","Percent!!MARITAL STATUS!!Separated",
"DP02_0033PM","Percent Margin of Error!!MARITAL STATUS!!Separated",
"DP02_0034E","Estimate!!MARITAL STATUS!!Widowed",
"DP02_0034M","Estimate Margin of Error!!MARITAL STATUS!!Widowed",
"DP02_0034PE","Percent!!MARITAL STATUS!!Widowed",
"DP02_0034PM","Percent Margin of Error!!MARITAL STATUS!!Widowed",
"DP02_0035E","Estimate!!MARITAL STATUS!!Divorced",
"DP02_0035M","Estimate Margin of Error!!MARITAL STATUS!!Divorced",
"DP02_0035PE","Percent!!MARITAL STATUS!!Divorced",
"DP02_0035PM","Percent Margin of Error!!MARITAL STATUS!!Divorced",
"DP02_0036E","Estimate!!FERTILITY!!Number of women 15 to 50 years old who had a birth in the past 12 months",
"DP02_0036M","Estimate Margin of Error!!FERTILITY!!Number of women 15 to 50 years old who had a birth in the past 12 months",
"DP02_0036PE","Percent!!FERTILITY!!Number of women 15 to 50 years old who had a birth in the past 12 months",
"DP02_0036PM","Percent Margin of Error!!FERTILITY!!Number of women 15 to 50 years old who had a birth in the past 12 months",
"DP02_0037E","Estimate!!FERTILITY!!Unmarried women (widowed, divorced, and never married)",
"DP02_0037M","Estimate Margin of Error!!FERTILITY!!Unmarried women (widowed, divorced, and never married)",
"DP02_0037PE","Percent!!FERTILITY!!Unmarried women (widowed, divorced, and never married)",
"DP02_0037PM","Percent Margin of Error!!FERTILITY!!Unmarried women (widowed, divorced, and never married)",
"DP02_0038E","Estimate!!FERTILITY!!Unmarried women (widowed, divorced, and never married)!!Per 1,000 unmarried women",
"DP02_0038M","Estimate Margin of Error!!FERTILITY!!Unmarried women (widowed, divorced, and never married)!!Per 1,000 unmarried women",
"DP02_0038PE","Percent!!FERTILITY!!Unmarried women (widowed, divorced, and never married)!!Per 1,000 unmarried women",
"DP02_0038PM","Percent Margin of Error!!FERTILITY!!Unmarried women (widowed, divorced, and never married)!!Per 1,000 unmarried women",
"DP02_0039E","Estimate!!FERTILITY!!Per 1,000 women 15 to 50 years old",
"DP02_0039M","Estimate Margin of Error!!FERTILITY!!Per 1,000 women 15 to 50 years old",
"DP02_0039PE","Percent!!FERTILITY!!Per 1,000 women 15 to 50 years old",
"DP02_0039PM","Percent Margin of Error!!FERTILITY!!Per 1,000 women 15 to 50 years old",
"DP02_0040E","Estimate!!FERTILITY!!Per 1,000 women 15 to 50 years old!!Per 1,000 women 15 to 19 years old",
"DP02_0040M","Estimate Margin of Error!!FERTILITY!!Per 1,000 women 15 to 50 years old!!Per 1,000 women 15 to 19 years old",
"DP02_0040PE","Percent!!FERTILITY!!Per 1,000 women 15 to 50 years old!!Per 1,000 women 15 to 19 years old",
"DP02_0040PM","Percent Margin of Error!!FERTILITY!!Per 1,000 women 15 to 50 years old!!Per 1,000 women 15 to 19 years old",
"DP02_0041E","Estimate!!FERTILITY!!Per 1,000 women 15 to 50 years old!!Per 1,000 women 20 to 34 years old",
"DP02_0041M","Estimate Margin of Error!!FERTILITY!!Per 1,000 women 15 to 50 years old!!Per 1,000 women 20 to 34 years old",
"DP02_0041PE","Percent!!FERTILITY!!Per 1,000 women 15 to 50 years old!!Per 1,000 women 20 to 34 years old",
"DP02_0041PM","Percent Margin of Error!!FERTILITY!!Per 1,000 women 15 to 50 years old!!Per 1,000 women 20 to 34 years old",
"DP02_0042E","Estimate!!FERTILITY!!Per 1,000 women 15 to 50 years old!!Per 1,000 women 35 to 50 years old",
"DP02_0042M","Estimate Margin of Error!!FERTILITY!!Per 1,000 women 15 to 50 years old!!Per 1,000 women 35 to 50 years old",
"DP02_0042PE","Percent!!FERTILITY!!Per 1,000 women 15 to 50 years old!!Per 1,000 women 35 to 50 years old",
"DP02_0042PM","Percent Margin of Error!!FERTILITY!!Per 1,000 women 15 to 50 years old!!Per 1,000 women 35 to 50 years old",
"DP02_0043E","Estimate!!GRANDPARENTS!!Number of grandparents living with own grandchildren under 18 years",
"DP02_0043M","Estimate Margin of Error!!GRANDPARENTS!!Number of grandparents living with own grandchildren under 18 years",
"DP02_0043PE","Percent!!GRANDPARENTS!!Number of grandparents living with own grandchildren under 18 years",
"DP02_0043PM","Percent Margin of Error!!GRANDPARENTS!!Number of grandparents living with own grandchildren under 18 years",
"DP02_0044E","Estimate!!GRANDPARENTS!!Responsible for grandchildren",
"DP02_0044M","Estimate Margin of Error!!GRANDPARENTS!!Responsible for grandchildren",
"DP02_0044PE","Percent!!GRANDPARENTS!!Responsible for grandchildren",
"DP02_0044PM","Percent Margin of Error!!GRANDPARENTS!!Responsible for grandchildren",
"DP02_0045E","Estimate!!GRANDPARENTS!!Responsible for grandchildren!!Years responsible for grandchildren!!Less than 1 year",
"DP02_0045M","Estimate Margin of Error!!GRANDPARENTS!!Responsible for grandchildren!!Years responsible for grandchildren!!Less than 1 year",
"DP02_0045PE","Percent!!GRANDPARENTS!!Responsible for grandchildren!!Years responsible for grandchildren!!Less than 1 year",
"DP02_0045PM","Percent Margin of Error!!GRANDPARENTS!!Responsible for grandchildren!!Years responsible for grandchildren!!Less than 1 year",
"DP02_0046E","Estimate!!GRANDPARENTS!!Responsible for grandchildren!!Years responsible for grandchildren!!1 or 2 years",
"DP02_0046M","Estimate Margin of Error!!GRANDPARENTS!!Responsible for grandchildren!!Years responsible for grandchildren!!1 or 2 years",
"DP02_0046PE","Percent!!GRANDPARENTS!!Responsible for grandchildren!!Years responsible for grandchildren!!1 or 2 years",
"DP02_0046PM","Percent Margin of Error!!GRANDPARENTS!!Responsible for grandchildren!!Years responsible for grandchildren!!1 or 2 years",
"DP02_0047E","Estimate!!GRANDPARENTS!!Responsible for grandchildren!!Years responsible for grandchildren!!3 or 4 years",
"DP02_0047M","Estimate Margin of Error!!GRANDPARENTS!!Responsible for grandchildren!!Years responsible for grandchildren!!3 or 4 years",
"DP02_0047PE","Percent!!GRANDPARENTS!!Responsible for grandchildren!!Years responsible for grandchildren!!3 or 4 years",
"DP02_0047PM","Percent Margin of Error!!GRANDPARENTS!!Responsible for grandchildren!!Years responsible for grandchildren!!3 or 4 years",
"DP02_0048E","Estimate!!GRANDPARENTS!!Responsible for grandchildren!!Years responsible for grandchildren!!5 or more years",
"DP02_0048M","Estimate Margin of Error!!GRANDPARENTS!!Responsible for grandchildren!!Years responsible for grandchildren!!5 or more years",
"DP02_0048PE","Percent!!GRANDPARENTS!!Responsible for grandchildren!!Years responsible for grandchildren!!5 or more years",
"DP02_0048PM","Percent Margin of Error!!GRANDPARENTS!!Responsible for grandchildren!!Years responsible for grandchildren!!5 or more years",
"DP02_0049E","Estimate!!GRANDPARENTS!!Number of grandparents responsible for own grandchildren under 18 years",
"DP02_0049M","Estimate Margin of Error!!GRANDPARENTS!!Number of grandparents responsible for own grandchildren under 18 years",
"DP02_0049PE","Percent!!GRANDPARENTS!!Number of grandparents responsible for own grandchildren under 18 years",
"DP02_0049PM","Percent Margin of Error!!GRANDPARENTS!!Number of grandparents responsible for own grandchildren under 18 years",
"DP02_0050E","Estimate!!GRANDPARENTS!!Who are female",
"DP02_0050M","Estimate Margin of Error!!GRANDPARENTS!!Who are female",
"DP02_0050PE","Percent!!GRANDPARENTS!!Who are female",
"DP02_0050PM","Percent Margin of Error!!GRANDPARENTS!!Who are female",
"DP02_0051E","Estimate!!GRANDPARENTS!!Who are married",
"DP02_0051M","Estimate Margin of Error!!GRANDPARENTS!!Who are married",
"DP02_0051PE","Percent!!GRANDPARENTS!!Who are married",
"DP02_0051PM","Percent Margin of Error!!GRANDPARENTS!!Who are married",
"DP02_0052E","Estimate!!SCHOOL ENROLLMENT!!Population 3 years and over enrolled in school",
"DP02_0052M","Estimate Margin of Error!!SCHOOL ENROLLMENT!!Population 3 years and over enrolled in school",
"DP02_0052PE","Percent!!SCHOOL ENROLLMENT!!Population 3 years and over enrolled in school",
"DP02_0052PM","Percent Margin of Error!!SCHOOL ENROLLMENT!!Population 3 years and over enrolled in school",
"DP02_0053E","Estimate!!SCHOOL ENROLLMENT!!Nursery school, preschool",
"DP02_0053M","Estimate Margin of Error!!SCHOOL ENROLLMENT!!Nursery school, preschool",
"DP02_0053PE","Percent!!SCHOOL ENROLLMENT!!Nursery school, preschool",
"DP02_0053PM","Percent Margin of Error!!SCHOOL ENROLLMENT!!Nursery school, preschool",
"DP02_0054E","Estimate!!SCHOOL ENROLLMENT!!Kindergarten",
"DP02_0054M","Estimate Margin of Error!!SCHOOL ENROLLMENT!!Kindergarten",
"DP02_0054PE","Percent!!SCHOOL ENROLLMENT!!Kindergarten",
"DP02_0054PM","Percent Margin of Error!!SCHOOL ENROLLMENT!!Kindergarten",
"DP02_0055E","Estimate!!SCHOOL ENROLLMENT!!Elementary school (grades 1-8)",
"DP02_0055M","Estimate Margin of Error!!SCHOOL ENROLLMENT!!Elementary school (grades 1-8)",
"DP02_0055PE","Percent!!SCHOOL ENROLLMENT!!Elementary school (grades 1-8)",
"DP02_0055PM","Percent Margin of Error!!SCHOOL ENROLLMENT!!Elementary school (grades 1-8)",
"DP02_0056E","Estimate!!SCHOOL ENROLLMENT!!High school (grades 9-12)",
"DP02_0056M","Estimate Margin of Error!!SCHOOL ENROLLMENT!!High school (grades 9-12)",
"DP02_0056PE","Percent!!SCHOOL ENROLLMENT!!High school (grades 9-12)",
"DP02_0056PM","Percent Margin of Error!!SCHOOL ENROLLMENT!!High school (grades 9-12)",
"DP02_0057E","Estimate!!SCHOOL ENROLLMENT!!College or graduate school",
"DP02_0057M","Estimate Margin of Error!!SCHOOL ENROLLMENT!!College or graduate school",
"DP02_0057PE","Percent!!SCHOOL ENROLLMENT!!College or graduate school",
"DP02_0057PM","Percent Margin of Error!!SCHOOL ENROLLMENT!!College or graduate school",
"DP02_0058E","Estimate!!EDUCATIONAL ATTAINMENT!!Population 25 years and over",
"DP02_0058M","Estimate Margin of Error!!EDUCATIONAL ATTAINMENT!!Population 25 years and over",
"DP02_0058PE","Percent!!EDUCATIONAL ATTAINMENT!!Population 25 years and over",
"DP02_0058PM","Percent Margin of Error!!EDUCATIONAL ATTAINMENT!!Population 25 years and over",
"DP02_0059E","Estimate!!EDUCATIONAL ATTAINMENT!!Less than 9th grade",
"DP02_0059M","Estimate Margin of Error!!EDUCATIONAL ATTAINMENT!!Less than 9th grade",
"DP02_0059PE","Percent!!EDUCATIONAL ATTAINMENT!!Less than 9th grade",
"DP02_0059PM","Percent Margin of Error!!EDUCATIONAL ATTAINMENT!!Less than 9th grade",
"DP02_0060E","Estimate!!EDUCATIONAL ATTAINMENT!!9th to 12th grade, no diploma",
"DP02_0060M","Estimate Margin of Error!!EDUCATIONAL ATTAINMENT!!9th to 12th grade, no diploma",
"DP02_0060PE","Percent!!EDUCATIONAL ATTAINMENT!!9th to 12th grade, no diploma",
"DP02_0060PM","Percent Margin of Error!!EDUCATIONAL ATTAINMENT!!9th to 12th grade, no diploma",
"DP02_0061E","Estimate!!EDUCATIONAL ATTAINMENT!!High school graduate (includes equivalency)",
"DP02_0061M","Estimate Margin of Error!!EDUCATIONAL ATTAINMENT!!High school graduate (includes equivalency)",
"DP02_0061PE","Percent!!EDUCATIONAL ATTAINMENT!!High school graduate (includes equivalency)",
"DP02_0061PM","Percent Margin of Error!!EDUCATIONAL ATTAINMENT!!High school graduate (includes equivalency)",
"DP02_0062E","Estimate!!EDUCATIONAL ATTAINMENT!!Some college, no degree",
"DP02_0062M","Estimate Margin of Error!!EDUCATIONAL ATTAINMENT!!Some college, no degree",
"DP02_0062PE","Percent!!EDUCATIONAL ATTAINMENT!!Some college, no degree",
"DP02_0062PM","Percent Margin of Error!!EDUCATIONAL ATTAINMENT!!Some college, no degree",
"DP02_0063E","Estimate!!EDUCATIONAL ATTAINMENT!!Associate's degree",
"DP02_0063M","Estimate Margin of Error!!EDUCATIONAL ATTAINMENT!!Associate's degree",
"DP02_0063PE","Percent!!EDUCATIONAL ATTAINMENT!!Associate's degree",
"DP02_0063PM","Percent Margin of Error!!EDUCATIONAL ATTAINMENT!!Associate's degree",
"DP02_0064E","Estimate!!EDUCATIONAL ATTAINMENT!!Bachelor's degree",
"DP02_0064M","Estimate Margin of Error!!EDUCATIONAL ATTAINMENT!!Bachelor's degree",
"DP02_0064PE","Percent!!EDUCATIONAL ATTAINMENT!!Bachelor's degree",
"DP02_0064PM","Percent Margin of Error!!EDUCATIONAL ATTAINMENT!!Bachelor's degree",
"DP02_0065E","Estimate!!EDUCATIONAL ATTAINMENT!!Graduate or professional degree",
"DP02_0065M","Estimate Margin of Error!!EDUCATIONAL ATTAINMENT!!Graduate or professional degree",
"DP02_0065PE","Percent!!EDUCATIONAL ATTAINMENT!!Graduate or professional degree",
"DP02_0065PM","Percent Margin of Error!!EDUCATIONAL ATTAINMENT!!Graduate or professional degree",
"DP02_0066E","Estimate!!EDUCATIONAL ATTAINMENT!!Percent high school graduate or higher",
"DP02_0066M","Estimate Margin of Error!!EDUCATIONAL ATTAINMENT!!Percent high school graduate or higher",
"DP02_0066PE","Percent!!EDUCATIONAL ATTAINMENT!!Percent high school graduate or higher",
"DP02_0066PM","Percent Margin of Error!!EDUCATIONAL ATTAINMENT!!Percent high school graduate or higher",
"DP02_0067E","Estimate!!EDUCATIONAL ATTAINMENT!!Percent bachelor's degree or higher",
"DP02_0067M","Estimate Margin of Error!!EDUCATIONAL ATTAINMENT!!Percent bachelor's degree or higher",
"DP02_0067PE","Percent!!EDUCATIONAL ATTAINMENT!!Percent bachelor's degree or higher",
"DP02_0067PM","Percent Margin of Error!!EDUCATIONAL ATTAINMENT!!Percent bachelor's degree or higher",
"DP02_0068E","Estimate!!VETERAN STATUS!!Civilian population 18 years and over",
"DP02_0068M","Estimate Margin of Error!!VETERAN STATUS!!Civilian population 18 years and over",
"DP02_0068PE","Percent!!VETERAN STATUS!!Civilian population 18 years and over",
"DP02_0068PM","Percent Margin of Error!!VETERAN STATUS!!Civilian population 18 years and over",
"DP02_0069E","Estimate!!VETERAN STATUS!!Civilian veterans",
"DP02_0069M","Estimate Margin of Error!!VETERAN STATUS!!Civilian veterans",
"DP02_0069PE","Percent!!VETERAN STATUS!!Civilian veterans",
"DP02_0069PM","Percent Margin of Error!!VETERAN STATUS!!Civilian veterans",
"DP02_0070E","Estimate!!DISABILITY STATUS OF THE CIVILIAN NONINSTITUTIONALIZED POPULATION!!Total Civilian Noninstitutionalized Population",
"DP02_0070M","Estimate Margin of Error!!DISABILITY STATUS OF THE CIVILIAN NONINSTITUTIONALIZED POPULATION!!Total Civilian Noninstitutionalized Population",
"DP02_0070PE","Percent!!DISABILITY STATUS OF THE CIVILIAN NONINSTITUTIONALIZED POPULATION!!Total Civilian Noninstitutionalized Population",
"DP02_0070PM","Percent Margin of Error!!DISABILITY STATUS OF THE CIVILIAN NONINSTITUTIONALIZED POPULATION!!Total Civilian Noninstitutionalized Population",
"DP02_0071E","Estimate!!DISABILITY STATUS OF THE CIVILIAN NONINSTITUTIONALIZED POPULATION!!With a disability",
"DP02_0071M","Estimate Margin of Error!!DISABILITY STATUS OF THE CIVILIAN NONINSTITUTIONALIZED POPULATION!!With a disability",
"DP02_0071PE","Percent!!DISABILITY STATUS OF THE CIVILIAN NONINSTITUTIONALIZED POPULATION!!With a disability",
"DP02_0071PM","Percent Margin of Error!!DISABILITY STATUS OF THE CIVILIAN NONINSTITUTIONALIZED POPULATION!!With a disability",
"DP02_0072E","Estimate!!DISABILITY STATUS OF THE CIVILIAN NONINSTITUTIONALIZED POPULATION!!Under 18 years",
"DP02_0072M","Estimate Margin of Error!!DISABILITY STATUS OF THE CIVILIAN NONINSTITUTIONALIZED POPULATION!!Under 18 years",
"DP02_0072PE","Percent!!DISABILITY STATUS OF THE CIVILIAN NONINSTITUTIONALIZED POPULATION!!Under 18 years",
"DP02_0072PM","Percent Margin of Error!!DISABILITY STATUS OF THE CIVILIAN NONINSTITUTIONALIZED POPULATION!!Under 18 years",
"DP02_0073E","Estimate!!DISABILITY STATUS OF THE CIVILIAN NONINSTITUTIONALIZED POPULATION!!With a disability",
"DP02_0073M","Estimate Margin of Error!!DISABILITY STATUS OF THE CIVILIAN NONINSTITUTIONALIZED POPULATION!!With a disability",
"DP02_0073PE","Percent!!DISABILITY STATUS OF THE CIVILIAN NONINSTITUTIONALIZED POPULATION!!With a disability",
"DP02_0073PM","Percent Margin of Error!!DISABILITY STATUS OF THE CIVILIAN NONINSTITUTIONALIZED POPULATION!!With a disability",
"DP02_0074E","Estimate!!DISABILITY STATUS OF THE CIVILIAN NONINSTITUTIONALIZED POPULATION!!18 to 64 years",
"DP02_0074M","Estimate Margin of Error!!DISABILITY STATUS OF THE CIVILIAN NONINSTITUTIONALIZED POPULATION!!18 to 64 years",
"DP02_0074PE","Percent!!DISABILITY STATUS OF THE CIVILIAN NONINSTITUTIONALIZED POPULATION!!18 to 64 years",
"DP02_0074PM","Percent Margin of Error!!DISABILITY STATUS OF THE CIVILIAN NONINSTITUTIONALIZED POPULATION!!18 to 64 years",
"DP02_0075E","Estimate!!DISABILITY STATUS OF THE CIVILIAN NONINSTITUTIONALIZED POPULATION!!With a disability",
"DP02_0075M","Estimate Margin of Error!!DISABILITY STATUS OF THE CIVILIAN NONINSTITUTIONALIZED POPULATION!!With a disability",
"DP02_0075PE","Percent!!DISABILITY STATUS OF THE CIVILIAN NONINSTITUTIONALIZED POPULATION!!With a disability",
"DP02_0075PM","Percent Margin of Error!!DISABILITY STATUS OF THE CIVILIAN NONINSTITUTIONALIZED POPULATION!!With a disability",
"DP02_0076E","Estimate!!DISABILITY STATUS OF THE CIVILIAN NONINSTITUTIONALIZED POPULATION!!65 years and over",
"DP02_0076M","Estimate Margin of Error!!DISABILITY STATUS OF THE CIVILIAN NONINSTITUTIONALIZED POPULATION!!65 years and over",
"DP02_0076PE","Percent!!DISABILITY STATUS OF THE CIVILIAN NONINSTITUTIONALIZED POPULATION!!65 years and over",
"DP02_0076PM","Percent Margin of Error!!DISABILITY STATUS OF THE CIVILIAN NONINSTITUTIONALIZED POPULATION!!65 years and over",
"DP02_0077E","Estimate!!DISABILITY STATUS OF THE CIVILIAN NONINSTITUTIONALIZED POPULATION!!With a disability",
"DP02_0077M","Estimate Margin of Error!!DISABILITY STATUS OF THE CIVILIAN NONINSTITUTIONALIZED POPULATION!!With a disability",
"DP02_0077PE","Percent!!DISABILITY STATUS OF THE CIVILIAN NONINSTITUTIONALIZED POPULATION!!With a disability",
"DP02_0077PM","Percent Margin of Error!!DISABILITY STATUS OF THE CIVILIAN NONINSTITUTIONALIZED POPULATION!!With a disability",
"DP02_0078E","Estimate!!RESIDENCE 1 YEAR AGO!!Population 1 year and over",
"DP02_0078M","Estimate Margin of Error!!RESIDENCE 1 YEAR AGO!!Population 1 year and over",
"DP02_0078PE","Percent!!RESIDENCE 1 YEAR AGO!!Population 1 year and over",
"DP02_0078PM","Percent Margin of Error!!RESIDENCE 1 YEAR AGO!!Population 1 year and over",
"DP02_0079E","Estimate!!RESIDENCE 1 YEAR AGO!!Same house",
"DP02_0079M","Estimate Margin of Error!!RESIDENCE 1 YEAR AGO!!Same house",
"DP02_0079PE","Percent!!RESIDENCE 1 YEAR AGO!!Same house",
"DP02_0079PM","Percent Margin of Error!!RESIDENCE 1 YEAR AGO!!Same house",
"DP02_0080E","Estimate!!RESIDENCE 1 YEAR AGO!!Different house in the U.S.",
"DP02_0080M","Estimate Margin of Error!!RESIDENCE 1 YEAR AGO!!Different house in the U.S.",
"DP02_0080PE","Percent!!RESIDENCE 1 YEAR AGO!!Different house in the U.S.",
"DP02_0080PM","Percent Margin of Error!!RESIDENCE 1 YEAR AGO!!Different house in the U.S.",
"DP02_0081E","Estimate!!RESIDENCE 1 YEAR AGO!!Different house in the U.S.!!Same county",
"DP02_0081M","Estimate Margin of Error!!RESIDENCE 1 YEAR AGO!!Different house in the U.S.!!Same county",
"DP02_0081PE","Percent!!RESIDENCE 1 YEAR AGO!!Different house in the U.S.!!Same county",
"DP02_0081PM","Percent Margin of Error!!RESIDENCE 1 YEAR AGO!!Different house in the U.S.!!Same county",
"DP02_0082E","Estimate!!RESIDENCE 1 YEAR AGO!!Different house in the U.S.!!Different county",
"DP02_0082M","Estimate Margin of Error!!RESIDENCE 1 YEAR AGO!!Different house in the U.S.!!Different county",
"DP02_0082PE","Percent!!RESIDENCE 1 YEAR AGO!!Different house in the U.S.!!Different county",
"DP02_0082PM","Percent Margin of Error!!RESIDENCE 1 YEAR AGO!!Different house in the U.S.!!Different county",
"DP02_0083E","Estimate!!RESIDENCE 1 YEAR AGO!!Different house in the U.S.!!Different county!!Same state",
"DP02_0083M","Estimate Margin of Error!!RESIDENCE 1 YEAR AGO!!Different house in the U.S.!!Different county!!Same state",
"DP02_0083PE","Percent!!RESIDENCE 1 YEAR AGO!!Different house in the U.S.!!Different county!!Same state",
"DP02_0083PM","Percent Margin of Error!!RESIDENCE 1 YEAR AGO!!Different house in the U.S.!!Different county!!Same state",
"DP02_0084E","Estimate!!RESIDENCE 1 YEAR AGO!!Different house in the U.S.!!Different county!!Different state",
"DP02_0084M","Estimate Margin of Error!!RESIDENCE 1 YEAR AGO!!Different house in the U.S.!!Different county!!Different state",
"DP02_0084PE","Percent!!RESIDENCE 1 YEAR AGO!!Different house in the U.S.!!Different county!!Different state",
"DP02_0084PM","Percent Margin of Error!!RESIDENCE 1 YEAR AGO!!Different house in the U.S.!!Different county!!Different state",
"DP02_0085E","Estimate!!RESIDENCE 1 YEAR AGO!!Abroad",
"DP02_0085M","Estimate Margin of Error!!RESIDENCE 1 YEAR AGO!!Abroad",
"DP02_0085PE","Percent!!RESIDENCE 1 YEAR AGO!!Abroad",
"DP02_0085PM","Percent Margin of Error!!RESIDENCE 1 YEAR AGO!!Abroad",
"DP02_0086E","Estimate!!PLACE OF BIRTH!!Total population",
"DP02_0086M","Estimate Margin of Error!!PLACE OF BIRTH!!Total population",
"DP02_0086PE","Percent!!PLACE OF BIRTH!!Total population",
"DP02_0086PM","Percent Margin of Error!!PLACE OF BIRTH!!Total population",
"DP02_0087E","Estimate!!PLACE OF BIRTH!!Native",
"DP02_0087M","Estimate Margin of Error!!PLACE OF BIRTH!!Native",
"DP02_0087PE","Percent!!PLACE OF BIRTH!!Native",
"DP02_0087PM","Percent Margin of Error!!PLACE OF BIRTH!!Native",
"DP02_0088E","Estimate!!PLACE OF BIRTH!!Native!!Born in United States",
"DP02_0088M","Estimate Margin of Error!!PLACE OF BIRTH!!Native!!Born in United States",
"DP02_0088PE","Percent!!PLACE OF BIRTH!!Native!!Born in United States",
"DP02_0088PM","Percent Margin of Error!!PLACE OF BIRTH!!Native!!Born in United States",
"DP02_0089E","Estimate!!PLACE OF BIRTH!!Native!!Born in United States!!State of residence",
"DP02_0089M","Estimate Margin of Error!!PLACE OF BIRTH!!Native!!Born in United States!!State of residence",
"DP02_0089PE","Percent!!PLACE OF BIRTH!!Native!!Born in United States!!State of residence",
"DP02_0089PM","Percent Margin of Error!!PLACE OF BIRTH!!Native!!Born in United States!!State of residence",
"DP02_0090E","Estimate!!PLACE OF BIRTH!!Native!!Born in United States!!Different state",
"DP02_0090M","Estimate Margin of Error!!PLACE OF BIRTH!!Native!!Born in United States!!Different state",
"DP02_0090PE","Percent!!PLACE OF BIRTH!!Native!!Born in United States!!Different state",
"DP02_0090PM","Percent Margin of Error!!PLACE OF BIRTH!!Native!!Born in United States!!Different state",
"DP02_0091E","Estimate!!PLACE OF BIRTH!!Native!!Born in Puerto Rico, U.S. Island areas, or born abroad to American parent(s)",
"DP02_0091M","Estimate Margin of Error!!PLACE OF BIRTH!!Native!!Born in Puerto Rico, U.S. Island areas, or born abroad to American parent(s)",
"DP02_0091PE","Percent!!PLACE OF BIRTH!!Native!!Born in Puerto Rico, U.S. Island areas, or born abroad to American parent(s)",
"DP02_0091PM","Percent Margin of Error!!PLACE OF BIRTH!!Native!!Born in Puerto Rico, U.S. Island areas, or born abroad to American parent(s)",
"DP02_0092E","Estimate!!PLACE OF BIRTH!!Foreign born",
"DP02_0092M","Estimate Margin of Error!!PLACE OF BIRTH!!Foreign born",
"DP02_0092PE","Percent!!PLACE OF BIRTH!!Foreign born",
"DP02_0092PM","Percent Margin of Error!!PLACE OF BIRTH!!Foreign born",
"DP02_0093E","Estimate!!U.S. CITIZENSHIP STATUS!!Foreign-born population",
"DP02_0093M","Estimate Margin of Error!!U.S. CITIZENSHIP STATUS!!Foreign-born population",
"DP02_0093PE","Percent!!U.S. CITIZENSHIP STATUS!!Foreign-born population",
"DP02_0093PM","Percent Margin of Error!!U.S. CITIZENSHIP STATUS!!Foreign-born population",
"DP02_0094E","Estimate!!U.S. CITIZENSHIP STATUS!!Naturalized U.S. citizen",
"DP02_0094M","Estimate Margin of Error!!U.S. CITIZENSHIP STATUS!!Naturalized U.S. citizen",
"DP02_0094PE","Percent!!U.S. CITIZENSHIP STATUS!!Naturalized U.S. citizen",
"DP02_0094PM","Percent Margin of Error!!U.S. CITIZENSHIP STATUS!!Naturalized U.S. citizen",
"DP02_0095E","Estimate!!U.S. CITIZENSHIP STATUS!!Not a U.S. citizen",
"DP02_0095M","Estimate Margin of Error!!U.S. CITIZENSHIP STATUS!!Not a U.S. citizen",
"DP02_0095PE","Percent!!U.S. CITIZENSHIP STATUS!!Not a U.S. citizen",
"DP02_0095PM","Percent Margin of Error!!U.S. CITIZENSHIP STATUS!!Not a U.S. citizen",
"DP02_0096E","Estimate!!YEAR OF ENTRY!!Population born outside the United States",
"DP02_0096M","Estimate Margin of Error!!YEAR OF ENTRY!!Population born outside the United States",
"DP02_0096PE","Percent!!YEAR OF ENTRY!!Population born outside the United States",
"DP02_0096PM","Percent Margin of Error!!YEAR OF ENTRY!!Population born outside the United States",
"DP02_0097E","Estimate!!YEAR OF ENTRY!!Native",
"DP02_0097M","Estimate Margin of Error!!YEAR OF ENTRY!!Native",
"DP02_0097PE","Percent!!YEAR OF ENTRY!!Native",
"DP02_0097PM","Percent Margin of Error!!YEAR OF ENTRY!!Native",
"DP02_0098E","Estimate!!YEAR OF ENTRY!!Entered 2000 or later",
"DP02_0098M","Estimate Margin of Error!!YEAR OF ENTRY!!Entered 2000 or later",
"DP02_0098PE","Percent!!YEAR OF ENTRY!!Entered 2000 or later",
"DP02_0098PM","Percent Margin of Error!!YEAR OF ENTRY!!Entered 2000 or later",
"DP02_0099E","Estimate!!YEAR OF ENTRY!!Entered before 2000",
"DP02_0099M","Estimate Margin of Error!!YEAR OF ENTRY!!Entered before 2000",
"DP02_0099PE","Percent!!YEAR OF ENTRY!!Entered before 2000",
"DP02_0099PM","Percent Margin of Error!!YEAR OF ENTRY!!Entered before 2000",
"DP02_0100E","Estimate!!YEAR OF ENTRY!!Foreign born",
"DP02_0100M","Estimate Margin of Error!!YEAR OF ENTRY!!Foreign born",
"DP02_0100PE","Percent!!YEAR OF ENTRY!!Foreign born",
"DP02_0100PM","Percent Margin of Error!!YEAR OF ENTRY!!Foreign born",
"DP02_0101E","Estimate!!YEAR OF ENTRY!!Entered 2000 or later",
"DP02_0101M","Estimate Margin of Error!!YEAR OF ENTRY!!Entered 2000 or later",
"DP02_0101PE","Percent!!YEAR OF ENTRY!!Entered 2000 or later",
"DP02_0101PM","Percent Margin of Error!!YEAR OF ENTRY!!Entered 2000 or later",
"DP02_0102E","Estimate!!YEAR OF ENTRY!!Entered before 2000",
"DP02_0102M","Estimate Margin of Error!!YEAR OF ENTRY!!Entered before 2000",
"DP02_0102PE","Percent!!YEAR OF ENTRY!!Entered before 2000",
"DP02_0102PM","Percent Margin of Error!!YEAR OF ENTRY!!Entered before 2000",
"DP02_0103E","Estimate!!WORLD REGION OF BIRTH OF FOREIGN BORN!!Foreign-born population, excluding population born at sea",
"DP02_0103M","Estimate Margin of Error!!WORLD REGION OF BIRTH OF FOREIGN BORN!!Foreign-born population, excluding population born at sea",
"DP02_0103PE","Percent!!WORLD REGION OF BIRTH OF FOREIGN BORN!!Foreign-born population, excluding population born at sea",
"DP02_0103PM","Percent Margin of Error!!WORLD REGION OF BIRTH OF FOREIGN BORN!!Foreign-born population, excluding population born at sea",
"DP02_0104E","Estimate!!WORLD REGION OF BIRTH OF FOREIGN BORN!!Europe",
"DP02_0104M","Estimate Margin of Error!!WORLD REGION OF BIRTH OF FOREIGN BORN!!Europe",
"DP02_0104PE","Percent!!WORLD REGION OF BIRTH OF FOREIGN BORN!!Europe",
"DP02_0104PM","Percent Margin of Error!!WORLD REGION OF BIRTH OF FOREIGN BORN!!Europe",
"DP02_0105E","Estimate!!WORLD REGION OF BIRTH OF FOREIGN BORN!!Asia",
"DP02_0105M","Estimate Margin of Error!!WORLD REGION OF BIRTH OF FOREIGN BORN!!Asia",
"DP02_0105PE","Percent!!WORLD REGION OF BIRTH OF FOREIGN BORN!!Asia",
"DP02_0105PM","Percent Margin of Error!!WORLD REGION OF BIRTH OF FOREIGN BORN!!Asia",
"DP02_0106E","Estimate!!WORLD REGION OF BIRTH OF FOREIGN BORN!!Africa",
"DP02_0106M","Estimate Margin of Error!!WORLD REGION OF BIRTH OF FOREIGN BORN!!Africa",
"DP02_0106PE","Percent!!WORLD REGION OF BIRTH OF FOREIGN BORN!!Africa",
"DP02_0106PM","Percent Margin of Error!!WORLD REGION OF BIRTH OF FOREIGN BORN!!Africa",
"DP02_0107E","Estimate!!WORLD REGION OF BIRTH OF FOREIGN BORN!!Oceania",
"DP02_0107M","Estimate Margin of Error!!WORLD REGION OF BIRTH OF FOREIGN BORN!!Oceania",
"DP02_0107PE","Percent!!WORLD REGION OF BIRTH OF FOREIGN BORN!!Oceania",
"DP02_0107PM","Percent Margin of Error!!WORLD REGION OF BIRTH OF FOREIGN BORN!!Oceania",
"DP02_0108E","Estimate!!WORLD REGION OF BIRTH OF FOREIGN BORN!!Latin America",
"DP02_0108M","Estimate Margin of Error!!WORLD REGION OF BIRTH OF FOREIGN BORN!!Latin America",
"DP02_0108PE","Percent!!WORLD REGION OF BIRTH OF FOREIGN BORN!!Latin America",
"DP02_0108PM","Percent Margin of Error!!WORLD REGION OF BIRTH OF FOREIGN BORN!!Latin America",
"DP02_0109E","Estimate!!WORLD REGION OF BIRTH OF FOREIGN BORN!!Northern America",
"DP02_0109M","Estimate Margin of Error!!WORLD REGION OF BIRTH OF FOREIGN BORN!!Northern America",
"DP02_0109PE","Percent!!WORLD REGION OF BIRTH OF FOREIGN BORN!!Northern America",
"DP02_0109PM","Percent Margin of Error!!WORLD REGION OF BIRTH OF FOREIGN BORN!!Northern America",
"DP02_0110E","Estimate!!LANGUAGE SPOKEN AT HOME!!Population 5 years and over",
"DP02_0110M","Estimate Margin of Error!!LANGUAGE SPOKEN AT HOME!!Population 5 years and over",
"DP02_0110PE","Percent!!LANGUAGE SPOKEN AT HOME!!Population 5 years and over",
"DP02_0110PM","Percent Margin of Error!!LANGUAGE SPOKEN AT HOME!!Population 5 years and over",
"DP02_0111E","Estimate!!LANGUAGE SPOKEN AT HOME!!English only",
"DP02_0111M","Estimate Margin of Error!!LANGUAGE SPOKEN AT HOME!!English only",
"DP02_0111PE","Percent!!LANGUAGE SPOKEN AT HOME!!English only",
"DP02_0111PM","Percent Margin of Error!!LANGUAGE SPOKEN AT HOME!!English only",
"DP02_0112E","Estimate!!LANGUAGE SPOKEN AT HOME!!Language other than English",
"DP02_0112M","Estimate Margin of Error!!LANGUAGE SPOKEN AT HOME!!Language other than English",
"DP02_0112PE","Percent!!LANGUAGE SPOKEN AT HOME!!Language other than English",
"DP02_0112PM","Percent Margin of Error!!LANGUAGE SPOKEN AT HOME!!Language other than English",
"DP02_0113E","Estimate!!LANGUAGE SPOKEN AT HOME!!Language other than English!!Speak English less than "very well"",
"DP02_0113M","Estimate Margin of Error!!LANGUAGE SPOKEN AT HOME!!Language other than English!!Speak English less than "very well"",
"DP02_0113PE","Percent!!LANGUAGE SPOKEN AT HOME!!Language other than English!!Speak English less than "very well"",
"DP02_0113PM","Percent Margin of Error!!LANGUAGE SPOKEN AT HOME!!Language other than English!!Speak English less than "very well"",
"DP02_0114E","Estimate!!LANGUAGE SPOKEN AT HOME!!Language other than English!!Spanish",
"DP02_0114M","Estimate Margin of Error!!LANGUAGE SPOKEN AT HOME!!Language other than English!!Spanish",
"DP02_0114PE","Percent!!LANGUAGE SPOKEN AT HOME!!Language other than English!!Spanish",
"DP02_0114PM","Percent Margin of Error!!LANGUAGE SPOKEN AT HOME!!Language other than English!!Spanish",
"DP02_0115E","Estimate!!LANGUAGE SPOKEN AT HOME!!Language other than English!!Spanish!!Speak English less than "very well"",
"DP02_0115M","Estimate Margin of Error!!LANGUAGE SPOKEN AT HOME!!Language other than English!!Spanish!!Speak English less than "very well"",
"DP02_0115PE","Percent!!LANGUAGE SPOKEN AT HOME!!Language other than English!!Spanish!!Speak English less than "very well"",
"DP02_0115PM","Percent Margin of Error!!LANGUAGE SPOKEN AT HOME!!Language other than English!!Spanish!!Speak English less than "very well"",
"DP02_0116E","Estimate!!LANGUAGE SPOKEN AT HOME!!Language other than English!!Other Indo-European languages",
"DP02_0116M","Estimate Margin of Error!!LANGUAGE SPOKEN AT HOME!!Language other than English!!Other Indo-European languages",
"DP02_0116PE","Percent!!LANGUAGE SPOKEN AT HOME!!Language other than English!!Other Indo-European languages",
"DP02_0116PM","Percent Margin of Error!!LANGUAGE SPOKEN AT HOME!!Language other than English!!Other Indo-European languages",
"DP02_0117E","Estimate!!LANGUAGE SPOKEN AT HOME!!Language other than English!!Other Indo-European languages!!Speak English less than "very well"",
"DP02_0117M","Estimate Margin of Error!!LANGUAGE SPOKEN AT HOME!!Language other than English!!Other Indo-European languages!!Speak English less than "very well"",
"DP02_0117PE","Percent!!LANGUAGE SPOKEN AT HOME!!Language other than English!!Other Indo-European languages!!Speak English less than "very well"",
"DP02_0117PM","Percent Margin of Error!!LANGUAGE SPOKEN AT HOME!!Language other than English!!Other Indo-European languages!!Speak English less than "very well"",
"DP02_0118E","Estimate!!LANGUAGE SPOKEN AT HOME!!Language other than English!!Asian and Pacific Islander languages",
"DP02_0118M","Estimate Margin of Error!!LANGUAGE SPOKEN AT HOME!!Language other than English!!Asian and Pacific Islander languages",
"DP02_0118PE","Percent!!LANGUAGE SPOKEN AT HOME!!Language other than English!!Asian and Pacific Islander languages",
"DP02_0118PM","Percent Margin of Error!!LANGUAGE SPOKEN AT HOME!!Language other than English!!Asian and Pacific Islander languages",
"DP02_0119E","Estimate!!LANGUAGE SPOKEN AT HOME!!Language other than English!!Asian and Pacific Islander languages!!Speak English less than "very well"",
"DP02_0119M","Estimate Margin of Error!!LANGUAGE SPOKEN AT HOME!!Language other than English!!Asian and Pacific Islander languages!!Speak English less than "very well"",
"DP02_0119PE","Percent!!LANGUAGE SPOKEN AT HOME!!Language other than English!!Asian and Pacific Islander languages!!Speak English less than "very well"",
"DP02_0119PM","Percent Margin of Error!!LANGUAGE SPOKEN AT HOME!!Language other than English!!Asian and Pacific Islander languages!!Speak English less than "very well"",
"DP02_0120E","Estimate!!LANGUAGE SPOKEN AT HOME!!Language other than English!!Other languages",
"DP02_0120M","Estimate Margin of Error!!LANGUAGE SPOKEN AT HOME!!Language other than English!!Other languages",
"DP02_0120PE","Percent!!LANGUAGE SPOKEN AT HOME!!Language other than English!!Other languages",
"DP02_0120PM","Percent Margin of Error!!LANGUAGE SPOKEN AT HOME!!Language other than English!!Other languages",
"DP02_0121E","Estimate!!LANGUAGE SPOKEN AT HOME!!Language other than English!!Other languages!!Speak English less than "very well"",
"DP02_0121M","Estimate Margin of Error!!LANGUAGE SPOKEN AT HOME!!Language other than English!!Other languages!!Speak English less than "very well"",
"DP02_0121PE","Percent!!LANGUAGE SPOKEN AT HOME!!Language other than English!!Other languages!!Speak English less than "very well"",
"DP02_0121PM","Percent Margin of Error!!LANGUAGE SPOKEN AT HOME!!Language other than English!!Other languages!!Speak English less than "very well"",
"DP02_0122E","Estimate!!ANCESTRY!!Total population",
"DP02_0122M","Estimate Margin of Error!!ANCESTRY!!Total population",
"DP02_0122PE","Percent!!ANCESTRY!!Total population",
"DP02_0122PM","Percent Margin of Error!!ANCESTRY!!Total population",
"DP02_0123E","Estimate!!ANCESTRY!!American",
"DP02_0123M","Estimate Margin of Error!!ANCESTRY!!American",
"DP02_0123PE","Percent!!ANCESTRY!!American",
"DP02_0123PM","Percent Margin of Error!!ANCESTRY!!American",
"DP02_0124E","Estimate!!ANCESTRY!!Arab",
"DP02_0124M","Estimate Margin of Error!!ANCESTRY!!Arab",
"DP02_0124PE","Percent!!ANCESTRY!!Arab",
"DP02_0124PM","Percent Margin of Error!!ANCESTRY!!Arab",
"DP02_0125E","Estimate!!ANCESTRY!!Czech",
"DP02_0125M","Estimate Margin of Error!!ANCESTRY!!Czech",
"DP02_0125PE","Percent!!ANCESTRY!!Czech",
"DP02_0125PM","Percent Margin of Error!!ANCESTRY!!Czech",
"DP02_0126E","Estimate!!ANCESTRY!!Danish",
"DP02_0126M","Estimate Margin of Error!!ANCESTRY!!Danish",
"DP02_0126PE","Percent!!ANCESTRY!!Danish",
"DP02_0126PM","Percent Margin of Error!!ANCESTRY!!Danish",
"DP02_0127E","Estimate!!ANCESTRY!!Dutch",
"DP02_0127M","Estimate Margin of Error!!ANCESTRY!!Dutch",
"DP02_0127PE","Percent!!ANCESTRY!!Dutch",
"DP02_0127PM","Percent Margin of Error!!ANCESTRY!!Dutch",
"DP02_0128E","Estimate!!ANCESTRY!!English",
"DP02_0128M","Estimate Margin of Error!!ANCESTRY!!English",
"DP02_0128PE","Percent!!ANCESTRY!!English",
"DP02_0128PM","Percent Margin of Error!!ANCESTRY!!English",
"DP02_0129E","Estimate!!ANCESTRY!!French (except Basque)",
"DP02_0129M","Estimate Margin of Error!!ANCESTRY!!French (except Basque)",
"DP02_0129PE","Percent!!ANCESTRY!!French (except Basque)",
"DP02_0129PM","Percent Margin of Error!!ANCESTRY!!French (except Basque)",
"DP02_0130E","Estimate!!ANCESTRY!!French Canadian",
"DP02_0130M","Estimate Margin of Error!!ANCESTRY!!French Canadian",
"DP02_0130PE","Percent!!ANCESTRY!!French Canadian",
"DP02_0130PM","Percent Margin of Error!!ANCESTRY!!French Canadian",
"DP02_0131E","Estimate!!ANCESTRY!!German",
"DP02_0131M","Estimate Margin of Error!!ANCESTRY!!German",
"DP02_0131PE","Percent!!ANCESTRY!!German",
"DP02_0131PM","Percent Margin of Error!!ANCESTRY!!German",
"DP02_0132E","Estimate!!ANCESTRY!!Greek",
"DP02_0132M","Estimate Margin of Error!!ANCESTRY!!Greek",
"DP02_0132PE","Percent!!ANCESTRY!!Greek",
"DP02_0132PM","Percent Margin of Error!!ANCESTRY!!Greek",
"DP02_0133E","Estimate!!ANCESTRY!!Hungarian",
"DP02_0133M","Estimate Margin of Error!!ANCESTRY!!Hungarian",
"DP02_0133PE","Percent!!ANCESTRY!!Hungarian",
"DP02_0133PM","Percent Margin of Error!!ANCESTRY!!Hungarian",
"DP02_0134E","Estimate!!ANCESTRY!!Irish",
"DP02_0134M","Estimate Margin of Error!!ANCESTRY!!Irish",
"DP02_0134PE","Percent!!ANCESTRY!!Irish",
"DP02_0134PM","Percent Margin of Error!!ANCESTRY!!Irish",
"DP02_0135E","Estimate!!ANCESTRY!!Italian",
"DP02_0135M","Estimate Margin of Error!!ANCESTRY!!Italian",
"DP02_0135PE","Percent!!ANCESTRY!!Italian",
"DP02_0135PM","Percent Margin of Error!!ANCESTRY!!Italian",
"DP02_0136E","Estimate!!ANCESTRY!!Lithuanian",
"DP02_0136M","Estimate Margin of Error!!ANCESTRY!!Lithuanian",
"DP02_0136PE","Percent!!ANCESTRY!!Lithuanian",
"DP02_0136PM","Percent Margin of Error!!ANCESTRY!!Lithuanian",
"DP02_0137E","Estimate!!ANCESTRY!!Norwegian",
"DP02_0137M","Estimate Margin of Error!!ANCESTRY!!Norwegian",
"DP02_0137PE","Percent!!ANCESTRY!!Norwegian",
"DP02_0137PM","Percent Margin of Error!!ANCESTRY!!Norwegian",
"DP02_0138E","Estimate!!ANCESTRY!!Polish",
"DP02_0138M","Estimate Margin of Error!!ANCESTRY!!Polish",
"DP02_0138PE","Percent!!ANCESTRY!!Polish",
"DP02_0138PM","Percent Margin of Error!!ANCESTRY!!Polish",
"DP02_0139E","Estimate!!ANCESTRY!!Portuguese",
"DP02_0139M","Estimate Margin of Error!!ANCESTRY!!Portuguese",
"DP02_0139PE","Percent!!ANCESTRY!!Portuguese",
"DP02_0139PM","Percent Margin of Error!!ANCESTRY!!Portuguese",
"DP02_0140E","Estimate!!ANCESTRY!!Russian",
"DP02_0140M","Estimate Margin of Error!!ANCESTRY!!Russian",
"DP02_0140PE","Percent!!ANCESTRY!!Russian",
"DP02_0140PM","Percent Margin of Error!!ANCESTRY!!Russian",
"DP02_0141E","Estimate!!ANCESTRY!!Scotch-Irish",
"DP02_0141M","Estimate Margin of Error!!ANCESTRY!!Scotch-Irish",
"DP02_0141PE","Percent!!ANCESTRY!!Scotch-Irish",
"DP02_0141PM","Percent Margin of Error!!ANCESTRY!!Scotch-Irish",
"DP02_0142E","Estimate!!ANCESTRY!!Scottish",
"DP02_0142M","Estimate Margin of Error!!ANCESTRY!!Scottish",
"DP02_0142PE","Percent!!ANCESTRY!!Scottish",
"DP02_0142PM","Percent Margin of Error!!ANCESTRY!!Scottish",
"DP02_0143E","Estimate!!ANCESTRY!!Slovak",
"DP02_0143M","Estimate Margin of Error!!ANCESTRY!!Slovak",
"DP02_0143PE","Percent!!ANCESTRY!!Slovak",
"DP02_0143PM","Percent Margin of Error!!ANCESTRY!!Slovak",
"DP02_0144E","Estimate!!ANCESTRY!!Subsaharan African",
"DP02_0144M","Estimate Margin of Error!!ANCESTRY!!Subsaharan African",
"DP02_0144PE","Percent!!ANCESTRY!!Subsaharan African",
"DP02_0144PM","Percent Margin of Error!!ANCESTRY!!Subsaharan African",
"DP02_0145E","Estimate!!ANCESTRY!!Swedish",
"DP02_0145M","Estimate Margin of Error!!ANCESTRY!!Swedish",
"DP02_0145PE","Percent!!ANCESTRY!!Swedish",
"DP02_0145PM","Percent Margin of Error!!ANCESTRY!!Swedish",
"DP02_0146E","Estimate!!ANCESTRY!!Swiss",
"DP02_0146M","Estimate Margin of Error!!ANCESTRY!!Swiss",
"DP02_0146PE","Percent!!ANCESTRY!!Swiss",
"DP02_0146PM","Percent Margin of Error!!ANCESTRY!!Swiss",
"DP02_0147E","Estimate!!ANCESTRY!!Ukrainian",
"DP02_0147M","Estimate Margin of Error!!ANCESTRY!!Ukrainian",
"DP02_0147PE","Percent!!ANCESTRY!!Ukrainian",
"DP02_0147PM","Percent Margin of Error!!ANCESTRY!!Ukrainian",
"DP02_0148E","Estimate!!ANCESTRY!!Welsh",
"DP02_0148M","Estimate Margin of Error!!ANCESTRY!!Welsh",
"DP02_0148PE","Percent!!ANCESTRY!!Welsh",
"DP02_0148PM","Percent Margin of Error!!ANCESTRY!!Welsh",
"DP02_0149E","Estimate!!ANCESTRY!!West Indian (excluding Hispanic origin groups)",
"DP02_0149M","Estimate Margin of Error!!ANCESTRY!!West Indian (excluding Hispanic origin groups)",
"DP02_0149PE","Percent!!ANCESTRY!!West Indian (excluding Hispanic origin groups)",
"DP02_0149PM","Percent Margin of Error!!ANCESTRY!!West Indian (excluding Hispanic origin groups)",
